Name,Weight Class,Total Fights,Strikes Thrown Per Minute Difference,Sig Strikes Per Minute Difference,TDA Per Minute Difference,TDL Per Minute Difference,KD Per Minute Difference
Max Holloway,FW,4,6.723099999999999,5.1582,-0.1737,-0.07,-0.0191
Arnold Allen,FW,4,-1.6509,-0.6828000000000003,-0.1587,-0.058,0.0019000000000000024
Edson Barboza,FW,4,-1.8539000000000012,-0.09080000000000066,-0.2637,-0.1,0.030900000000000004
Billy Quarantillo,FW,4,11.028099999999998,4.9682,0.41530000000000006,0.025999999999999995,0.0059000000000000025
Dustin Jacoby,LHW,8,4.923500000000001,2.3253999999999992,-0.0875,-0.054099999999999995,-0.014199999999999999
Azamat Murzakanov,LHW,3,-0.8384999999999998,0.6044,0.05349999999999999,-0.031099999999999996,0.0568
Tanner Boser,HW,4,1.5610999999999997,-0.43120000000000047,-0.1823,-0.0749,0.0022000000000000006
Ion Cutelaba,LHW,6,0.9435000000000002,-0.034600000000000186,0.7545,0.45890000000000003,-0.0011999999999999997
Pedro Munhoz,BW,5,0.48799999999999955,0.5540000000000003,-0.2618,-0.0984,0.0026000000000000016
Chris Gutierrez,BW,5,-1.1660000000000004,1.0940000000000003,-0.2178,-0.0804,0.0286
Clay Guida,LW,6,2.259500000000001,-0.17720000000000002,0.17179999999999995,0.018500000000000003,-0.0222
Rafa Garcia,LW,6,1.9525000000000006,0.4307999999999996,0.19079999999999997,0.08850000000000001,-0.0222
Bill Algeo,FW,5,3.2241,0.9331999999999994,-0.12669999999999998,-0.032,-0.0020999999999999977
TJ Brown,FW,5,-0.17190000000000083,-0.47580000000000044,0.08829999999999999,0.08399999999999999,-0.0191
Brandon Royval,FLW,4,2.3991999999999987,-0.39359999999999973,-0.2463,-0.066,0.008299999999999998
Matheus Nicolau,FLW,5,-1.1278000000000006,-0.09759999999999991,-0.043300000000000005,-0.03,0.0263
Zak Cummings,LHW,1,3.6255000000000006,2.9403999999999995,-0.2435,-0.0851,0.1868
Ed Herman,LHW,2,-0.49549999999999983,-0.8416000000000006,-0.2095,-0.0851,-0.0242
Lando Vannata,FW,3,-2.5219000000000005,-0.05880000000000063,-0.10969999999999999,-0.03900000000000001,-0.0191
Daniel Zellhuber,LW,2,3.0205,0.24880000000000013,-0.2712,-0.1115,0.0108
Aaron Phillips,BW,1,-3.9800000000000004,-3.141,-0.023799999999999988,-0.0314,-0.0264
Gaston Bolanos,BW,1,-1.9130000000000003,-0.07399999999999984,-0.2908,-0.0984,-0.0264
Alex Pereira,MW,5,1.0960999999999999,1.2302999999999997,-0.2616,-0.0887,0.0215
Israel Adesanya,LHW,6,-0.8384999999999998,-0.31760000000000055,-0.2135,-0.0771,-0.0092
Gilbert Burns,WW,4,-1.8717999999999986,-1.6137999999999995,0.11439999999999997,0.0925,-0.0226
Jorge Masvidal,WW,3,-2.5837999999999983,-1.3377999999999997,-0.2426,-0.0865,-0.0226
Rob Font,BW,4,6.007999999999999,3.795000000000001,-0.14980000000000002,-0.047400000000000005,-0.0134
Adrian Yanez,BW,5,5.940000000000001,2.452,-0.2908,-0.0984,0.0756
Kevin Holland,MW,8,0.4590999999999994,-0.5777000000000001,-0.2006,-0.0767,0.0045000000000000005
Santiago Ponzinibbio,WW,6,4.823200000000002,2.5122,-0.0716,-0.055499999999999994,-0.006599999999999998
Raul Rosas,BW,2,-9.052,-3.992,0.7802,0.18359999999999999,-0.0264
Christian Rodriguez,FW,3,-4.559900000000001,-2.4558000000000004,-0.1167,-0.01200000000000001,-0.0191
Chris Curtis,MW,6,1.575099999999999,1.2903000000000002,-0.2796,-0.1067,0.0315
Kelvin Gastelum,MW,4,-0.4878999999999998,-0.6027,-0.004599999999999993,0.0813,-0.0155
Gerald Meerschaert,MW,6,-3.0619000000000005,-1.2167,0.1264,0.009300000000000003,0.0034999999999999996
Joe Pyfer,MW,2,-0.5349000000000004,-0.0956999999999999,-0.2796,-0.1067,0.12450000000000001
Ignacio Bahamondes,LW,4,6.942500000000001,3.7268,-0.23320000000000002,-0.1115,-0.004200000000000002
Trey Ogden,LW,3,-0.1905000000000001,-0.6621999999999999,0.006799999999999973,-0.0675,-0.0222
Shayilan Nuerdanbieke,FW,5,-1.4959000000000007,-2.0498000000000003,0.31629999999999997,0.093,0.038900000000000004
Steve Garcia,LW,4,4.7684999999999995,1.6327999999999996,0.02479999999999999,0.0855,0.24080000000000001
Marlon Vera,BW,5,-0.6440000000000001,0.6260000000000003,-0.25980000000000003,-0.0774,0.046599999999999996
Cory Sandhagen,BW,5,3.9819999999999993,1.1829999999999998,0.05519999999999997,-0.046400000000000004,-0.016399999999999998
Nate Landwehr,FW,3,5.934100000000001,2.1982,-0.0247,0.059,-0.0191
Austin Lingo ,FW,2,3.1990999999999996,1.5812,-0.18069999999999997,-0.059000000000000004,0.021900000000000003
Chidi Njokuani,MW,4,-2.3189,0.10829999999999984,-0.2796,-0.1067,0.0595
Albert Duraev,MW,3,1.9370999999999992,-0.8527,0.2454,0.018299999999999997,-0.0155
Daniel Pineda,FW,2,-1.6548999999999996,-1.4638000000000004,0.39830000000000004,-0.02600000000000001,0.0549
Tucker Lutz,FW,3,-2.3179,-0.5258000000000003,-0.0257,0.0059999999999999915,-0.0191
Steven Peterson,FW,3,0.08910000000000018,0.6242000000000001,-0.10769999999999999,-0.07800000000000001,-0.0191
Lucas Alexander,FW,2,-1.6149000000000004,0.7172000000000001,-0.2637,-0.1,0.0399
Trevin Giles,MW,5,-4.5159,-1.7616999999999998,-0.06460000000000002,-0.03470000000000001,-0.0155
Preston Parsons,WW,3,-0.8427999999999987,-0.1697999999999995,0.37939999999999996,0.1205,-0.0226
CJ Vegara,FLW,3,3.1221999999999994,1.5764000000000005,-0.2843,-0.104,-0.0297
Daniel Lacerda,FLW,4,1.4451999999999998,1.2274000000000003,-0.02729999999999999,-0.0010000000000000009,0.1243
Victor Altamirano,FLW,3,3.645199999999999,2.3084,0.4887,0.015,0.0002999999999999982
Vinicius Salvador,FLW,1,1.5911999999999988,-0.4725999999999999,0.11570000000000003,-0.03699999999999999,-0.0297
Leon Edwards,WW,4,-5.336799999999999,-0.8987999999999996,-0.09160000000000001,-0.023499999999999993,-0.0096
Kamaru Usman,WW,5,0.49820000000000064,0.06519999999999992,0.0884,0.04550000000000001,0.0324
Justin Gaethje,LW,3,1.935500000000001,3.1087999999999996,-0.21420000000000003,-0.0815,0.0378
Rafael Fiziev,LW,4,0.8755000000000006,1.2008,-0.2882,-0.1115,-0.006200000000000001
Gunnar Nelson,WW,2,-1.3087999999999997,-1.5937999999999994,0.009399999999999992,0.11550000000000002,-0.0226
Bryan Barbarena,WW,5,5.515200000000002,2.2312000000000003,-0.22760000000000002,-0.0865,-0.0226
Marvin Vettori,MW,5,1.0080999999999989,-0.08869999999999978,0.07239999999999996,0.04529999999999999,-0.0155
Roman Dolidze ,MW,4,-0.17490000000000094,-0.6267,-0.18760000000000002,-0.0837,0.0075
Jack Shore,BW,5,-3.0300000000000002,-0.3799999999999999,0.2182,0.0926,0.005600000000000001
Makwan Amirkhani,FW,5,-7.950900000000001,-3.2008,0.38930000000000003,0.252,-0.0191
Chris Duncan ,LW,1,-4.2795,-0.5512000000000001,0.6288,0.22150000000000003,-0.0222
Omar Morales,FW,4,-3.2769000000000004,-0.8768000000000002,-0.2207,-0.05700000000000001,-0.0191
Sam Patterson,LW,1,-4.8125,-2.4842,-0.3042,-0.1115,-0.0222
Yanal Ashmoz,LW,1,5.5875,7.9158,0.4958,0.6885,-0.0222
Muhammad Mokaev,FLW,4,-3.0878000000000005,-2.4706,0.6277,0.386,-0.007700000000000002
Jafael Filho ,FLW,1,-3.6228000000000007,-2.9866,-0.2843,-0.104,-0.0297
Lerone Murphy,FW,3,-1.927900000000001,-0.2168000000000001,-0.09369999999999998,-0.043000000000000003,0.008900000000000002
Gabriel Santos,FW,1,-1.6669,0.26819999999999933,0.4693,0.233,-0.0191
Chris Duncan,MW,1,0.01609999999999978,0.8182999999999998,-0.2796,-0.1067,-0.0155
Dusko Todorovic,MW,6,0.8990999999999989,0.05030000000000001,0.12839999999999996,-0.030700000000000005,-0.0155
Jake Hadley,FLW,2,-5.175800000000001,-2.4816,-0.2843,-0.104,0.032299999999999995
Malcom Gordon,FLW,4,-2.1598000000000006,-1.4365999999999999,0.12469999999999998,0.022000000000000006,-0.0297
Jai Herbert,LW,5,-0.8594999999999988,-1.3601999999999999,-0.2212,-0.0905,0.0188
Ludovit Klein,FW,4,-3.5339,-0.9648000000000003,-0.04669999999999999,0.0,-0.0020999999999999977
Petr Yan,BW,5,-2.537000000000001,-0.3370000000000002,-0.043800000000000006,0.0296,-0.008400000000000001
Merab Dvalishvili,BW,4,8.399000000000001,1.0659999999999998,0.7032,0.2116,-0.0264
Alexander Volkov,HW,5,1.0030999999999999,1.6787999999999998,-0.1823,-0.0749,0.0102
Alexander Romanov,HW,5,-1.1859000000000002,-0.7142000000000004,0.4387,0.2231,-0.0228
Nikita Krylov,LHW,5,3.1995000000000005,-0.06260000000000066,0.5055000000000001,0.19889999999999997,0.0278
Ryan Spann,LHW,5,-2.4325,-0.8416000000000006,0.08150000000000002,-0.0040999999999999925,0.1388
Said Nurmagomedov,BW,4,-2.558,-1.674,0.1382,0.002600000000000005,-0.0264
Jonathan Martinez,BW,6,-1.064,0.6760000000000002,-0.2388,-0.0724,0.0126
Mario Bautista,BW,5,-0.35100000000000087,0.37099999999999955,0.12319999999999998,0.21960000000000002,-0.0264
Guido Cannetti,BW,4,-2.8599999999999994,0.5670000000000002,-0.1978,-0.005400000000000002,-0.0264
Vito Petrino,LHW,1,-2.7355,-1.4936000000000003,0.3565,0.3819,-0.0242
Anton Turkalj,LHW,2,-5.1445,-2.3456,0.5275000000000001,0.1719,-0.0242
Karl Williams,HW,1,1.120099999999999,-1.5602000000000005,0.6847,0.45810000000000006,0.0442
Lukasz Brzeski,HW,2,0.8871000000000002,0.7067999999999994,-0.1493,-0.0749,-0.0228
Raphael Assuncao ,BW,3,-4.878,-1.3239999999999998,0.16920000000000002,0.0906,-0.0264
Davey Grant,BW,5,3.539999999999999,1.6239999999999997,-0.2118,-0.0824,0.0206
Sedriques Dumas,MW,1,-4.2879000000000005,-1.5027,-0.15460000000000002,-0.1067,-0.0155
Josh Fremd,MW,2,-3.8589,-1.2197,-0.1496,0.0233,-0.0155
Victor Henry,BW,3,7.131,4.393,-0.24680000000000002,-0.0984,-0.0264
Tony Gravely,BW,6,-0.5809999999999995,-0.3620000000000001,0.6621999999999999,0.2526,0.023600000000000003
Tyson Nam,FLW,3,0.8971999999999998,-0.19959999999999978,-0.2843,-0.104,0.011300000000000001
Bruno Silva,FLW,7,0.2281999999999993,0.37939999999999996,-0.01429999999999998,-0.041999999999999996,0.0953
Carlston Harris,WW,4,1.148200000000001,-0.17879999999999985,0.4064,0.11650000000000002,0.018400000000000003
Jared Gooden,WW,4,0.49820000000000064,-0.21679999999999922,-0.22060000000000002,-0.0645,-0.0005999999999999998
Jon Jones,HW,1,-3.3059000000000003,-1.6742000000000004,0.7857,0.8931,-0.0228
Ciryl Gane,HW,6,-1.7399000000000004,0.7727999999999993,0.03570000000000001,-0.0469,-0.013800000000000002
Geoff Neal,WW,4,2.4712000000000014,2.5292000000000003,-0.1326,-0.042499999999999996,0.0214
Shavkat Rakhmonov,WW,4,-2.1868,0.3512000000000004,0.03840000000000002,0.02550000000000001,0.005400000000000002
Mateusz Gamrot,LW,6,-3.4434999999999993,-1.1502,0.6268,0.1845,-0.0082
Jalin Turner,LW,4,1.493500000000001,0.6158000000000001,-0.18720000000000003,-0.0335,0.0168
Bo Nickal,MW,1,-8.093900000000001,-3.6577,1.0994,0.23829999999999996,-0.0155
Jamie Pickett,MW,6,-2.7069,-0.5817000000000001,-0.03360000000000002,-0.0247,-0.0155
Cody Garbrandt,BW,3,-5.930000000000001,-2.013,0.032200000000000006,0.016600000000000004,-0.0264
Trevin Jones,BW,5,-3.6690000000000005,-2.318,-0.01579999999999998,-0.0674,-0.0114
Derek Brunson,MW,4,1.498099999999999,-1.1097000000000001,0.30239999999999995,0.1223,0.0024999999999999988
Dricus Du Plessis,MW,4,3.3560999999999996,2.6443000000000003,0.14839999999999998,0.09630000000000001,0.0295
Julian Marquez,MW,4,2.934099999999999,1.8083,-0.22060000000000002,-0.1067,0.013500000000000002
Marc Barriault,MW,6,7.8201,3.5693,-0.2606,-0.1067,0.0034999999999999996
Ian Garry,WW,4,1.8332000000000015,2.4742000000000006,-0.2016,-0.06649999999999999,0.038400000000000004
Song Kenan,WW,2,-2.1068,-0.18179999999999996,-0.06260000000000002,0.0335,0.0374
Mana Martinez,BW,4,-0.13000000000000078,0.1429999999999998,-0.1738,-0.0484,0.040600000000000004
Cory Saaiman,BW,2,3.497,1.545,-0.25680000000000003,-0.0644,0.007600000000000003
Damon Blackshear,BW,2,-2.4130000000000003,-1.8410000000000002,0.07619999999999999,-0.0314,-0.0264
Farid Basharat,BW,1,-3.2460000000000004,-0.40700000000000003,0.10920000000000002,0.10160000000000001,-0.0264
Esteban Ribovics ,LW,1,0.38750000000000107,0.3158000000000003,-0.23720000000000002,-0.1115,0.044800000000000006
Loik Radzhabov,LW,1,-2.6125,-1.4172000000000002,1.0957999999999999,0.6214999999999999,-0.0222
Andre Muniz,MW,4,-0.7408999999999999,-1.9546999999999999,0.29439999999999994,0.1113,-0.0155
Brendan Allen,MW,7,-0.9229000000000003,0.012299999999999756,-0.11760000000000001,-0.017700000000000007,-0.0005000000000000004
Augusto Sakai,HW,4,-2.3129,-1.6022000000000003,-0.0943,-0.045899999999999996,-0.0228
Don'Tale Mayes,HW,3,-1.0778999999999996,-1.7682000000000002,0.0247,0.06310000000000002,-0.0228
Mike Malott,WW,2,-1.5277999999999992,0.35020000000000007,-0.11660000000000001,0.03950000000000001,0.1034
Yohann Lainesse,WW,3,-5.3557999999999995,-2.0157999999999996,0.004399999999999987,-0.0155,0.012400000000000005
Erick Gonzalez,LW,2,-3.1185,-1.8822,0.6587999999999999,0.43850000000000006,-0.0222
Trevor Peek,LW,1,6.8454999999999995,6.1498,-0.10320000000000001,-0.1115,0.3788
Jordan Leavitt,LW,5,0.28550000000000075,-1.2932000000000001,0.2667999999999999,0.0155,-0.0011999999999999997
Victor Martinez,LW,1,2.240500000000001,-1.2271999999999998,-0.3042,-0.1115,-0.0222
Ode Osbourne,FW,6,0.8050999999999995,0.0591999999999997,0.1703,0.001999999999999988,0.0319
Charles Johnson,FLW,4,1.3902,0.8544,-0.1433,-0.08399999999999999,-0.0297
Joe Solecki ,LW,4,-2.054499999999999,-2.4092000000000002,0.023799999999999988,0.03449999999999999,-0.0222
Carl Deaton,LW,1,-7.4885,-3.9832,-0.3042,-0.1115,-0.0222
Rafael Alves,LW,4,-5.8854999999999995,-2.2602,-0.21220000000000003,-0.0885,0.0007999999999999986
Nurullo Aliev,LW,1,-1.0794999999999995,-2.8172,-0.03720000000000001,0.08850000000000001,-0.0222
Jordan Wright ,MW,2,5.632099999999999,-1.6726999999999999,0.0043999999999999595,0.007300000000000001,-0.0155
Zach Pauga ,LHW,1,-2.0685000000000002,-0.16060000000000052,0.15650000000000003,-0.0851,-0.0242
Josh Parisian,HW,4,-0.13790000000000013,-0.8312000000000004,0.10869999999999999,0.02210000000000001,-0.0228
Jamal Pogues,HW,1,-4.8129,-1.8932000000000002,0.5507,0.2581,-0.0228
William Knight,LHW,6,-4.7015,-2.3346000000000005,0.015500000000000014,-0.020099999999999993,0.0017999999999999995
Marcin Prachnio,LHW,4,2.4254999999999995,2.0713999999999997,-0.1845,-0.0851,-0.004199999999999999
Jim Miller,LW,4,-1.1485000000000003,-0.6362000000000001,-0.25820000000000004,-0.0885,0.0007999999999999986
Alexander Hernandez,LW,5,3.650500000000001,1.4858000000000002,-0.09220000000000003,-0.0695,-0.0011999999999999997
Nazim Sadykhov,LW,1,2.8475,1.9348,-0.21020000000000003,-0.0175,-0.0222
Evan Elder,WW,2,-1.9517999999999986,-0.5297999999999998,0.06939999999999999,-0.047499999999999994,0.0164
Jamall Emmers,FW,2,0.009100000000000108,-0.06680000000000064,-0.0857,-0.04100000000000001,-0.0191
Khusein Askhabov ,FW,1,-2.5999,-2.3318000000000003,0.13630000000000003,-0.1,-0.0191
Ovince St. Preux,LHW,1,-5.9955,-2.8696,-0.2435,-0.0851,-0.0242
Philipe Lins,LHW,1,44.2095,17.947400000000002,-0.2435,-0.0851,1.1998
AJ Fletcher,WW,3,-0.8977999999999984,-0.8177999999999996,0.03040000000000001,0.022500000000000006,-0.0226
Themba Gorimbo,WW,1,-6.800799999999999,-3.4067999999999996,0.05939999999999998,0.2155,-0.0226
Clayton Carpenter ,FLW,1,-8.0548,-2.6726,-0.2843,-0.104,-0.0297
Juancamilo Ronderos ,FLW,2,6.524199999999999,-1.4306,0.25970000000000004,0.077,-0.0297
Islam Makhachev,LW,6,-0.1404999999999994,-1.0152,0.12479999999999997,0.1285,-0.0052
Alexander Volkanovski,HW,2,-0.15990000000000038,-0.3932000000000002,-0.10229999999999999,-0.0749,-0.0028000000000000004
Yair Rodriguez,FW,3,4.569099999999999,2.0061999999999998,-0.13369999999999999,-0.07400000000000001,-0.0191
Josh Emmet,FW,3,0.511099999999999,-0.49980000000000047,-0.10169999999999998,-0.08,0.0009000000000000015
Jack Maddalena,WW,4,9.030200000000002,5.387200000000001,-0.2426,-0.0865,0.4264
Randy Brown,WW,5,2.2772000000000006,1.5802000000000005,-0.12260000000000001,-0.0865,0.017400000000000002
Justin Tafa,HW,4,0.3500999999999994,1.1517999999999997,-0.12129999999999999,-0.0749,0.0382
Parker Porter,HW,4,2.8110999999999997,1.4837999999999996,0.26570000000000005,0.00910000000000001,-0.0228
Jimmy Crute,LHW,3,-1.3994999999999997,-1.4496000000000002,0.5255000000000001,0.3479,-0.0242
Alonzo Menifield,LHW,6,-1.1434999999999995,0.16939999999999955,-0.10949999999999999,-0.009099999999999997,0.0328
Tyson Pedro,LHW,3,-3.4784999999999995,-0.6176000000000004,-0.1005,0.009900000000000006,0.0708
Modestas Bukauskas,LHW,3,-0.5485000000000007,-0.7606000000000002,-0.2165,-0.0851,-0.0242
Josh Culibao,FW,3,-2.5069,-1.0918,-0.2367,-0.1,0.0349
Melsik Baghdasaryan,FW,3,-2.3369,0.6911999999999994,-0.2637,-0.1,0.015900000000000004
Shannon Ross,FLW,1,-5.540800000000001,-2.5886,-0.2843,-0.104,-0.0297
Kleydson Rodrigues,FLW,2,1.6532,2.3384,0.1537,0.021000000000000005,0.033299999999999996
Jamie Mullarkey,LW,5,1.7315000000000005,1.5708000000000002,-0.05620000000000003,0.0015000000000000013,0.022799999999999997
Francisco Prado,LW,1,-5.2124999999999995,-2.2172,-0.17120000000000002,-0.1115,-0.0222
Jack Jenkins,FW,1,-1.0669000000000004,1.1351999999999993,0.06930000000000003,0.167,-0.0191
Don Shainis,FW,2,1.5780999999999992,-0.9128000000000003,-0.005699999999999983,-0.035,-0.0191
Shane Young,FW,2,-0.49990000000000023,-0.13180000000000014,0.003300000000000025,-0.067,-0.0191
Blake Bilder,FW,1,2.6661,3.0682,0.20330000000000004,-0.033,-0.0191
Zubair Tukhugov,FW,2,0.8331,0.5682,0.1033,-0.033,-0.0191
Elves Brener,LW,1,0.9205000000000005,0.5157999999999996,-0.10420000000000001,-0.1115,-0.0222
Derrick Lewis,HW,6,-5.9519,-2.1442000000000005,-0.010300000000000004,-0.017899999999999992,0.0342
Serghei Spivac,HW,6,2.8210999999999995,0.3127999999999993,0.42669999999999997,0.3631,-0.0228
Da Woon Jung,LHW,3,-2.8335,-2.2186000000000003,0.1795,0.1869,0.0058
Devin Clark ,LHW,2,-0.801499999999999,-2.0266,0.32349999999999995,0.04790000000000001,-0.0242
Marcin Tybura,HW,4,0.02210000000000001,-1.0582000000000003,0.20470000000000002,-0.03389999999999999,-0.0228
Blagoy Ivanov,HW,2,-1.5799000000000003,-0.8932000000000002,-0.04929999999999998,-0.0749,-0.0228
Dooho Choi,FW,1,-3.4669000000000008,-0.9988000000000001,-0.2637,-0.1,-0.0191
Kyle Nelson,LW,2,-5.1795,-2.0512,0.1628,0.05550000000000001,-0.0222
Yusaku Kinoshita ,WW,1,-5.2947999999999995,-2.1397999999999997,-0.02560000000000001,-0.0865,-0.0226
Adam Fuggit,WW,2,19.5312,10.4692,2.3664,0.7835,-0.0226
Jeka Saragih,LW,1,-5.8325,-2.4812000000000003,-0.3042,-0.1115,-0.0222
Anshul Jubli,LW,1,0.9235000000000007,0.2667999999999999,0.26879999999999993,0.11750000000000001,-0.0222
JeongYeong Lee,FW,1,-4.0669,-2.6648000000000005,-0.2637,-0.1,-0.0191
Zha Yi,FW,1,-6.133900000000001,-2.7318000000000002,1.1362999999999999,0.233,-0.0191
Toshiomi Kazama,BW,1,7.268999999999998,2.9989999999999997,-0.2908,-0.0984,-0.0264
Rinya Nakamura,BW,1,34.542,15.725999999999999,-0.2908,-0.0984,3.6096
SeungGuk Choi,FLW,1,-3.3128,-2.0886,-0.1323,-0.104,0.046299999999999994
HyunSung Park,FLW,1,-0.12680000000000113,-0.7235999999999998,-0.05629999999999999,-0.027999999999999997,-0.0297
Junyong Park,MW,3,1.5221,1.5652999999999997,0.013399999999999967,0.0032999999999999974,-0.0155
Denis Tiuliulin,MW,3,3.8930999999999987,1.3523000000000005,-0.1836,-0.1067,0.0805
Tatsuro Taira,FLW,3,-3.221800000000001,-0.8136000000000001,0.2047,0.071,0.005300000000000003
Jesus Aguilar,FLW,1,-9.1468,-3.1435999999999997,-0.2843,-0.104,-0.0297
Glover Teixeira,LHW,3,-0.9655000000000005,-0.46260000000000057,0.45149999999999996,0.0709,-0.0242
Jamahal Hill,LHW,5,3.8744999999999994,2.7923999999999998,-0.2435,-0.0851,0.016800000000000002
Deiveson Figueiredo,FLW,3,-4.4408,-1.1456,-0.017299999999999982,-0.027999999999999997,0.0273
Brandon Moreno,FLW,4,-0.16080000000000005,0.24540000000000006,-0.09029999999999999,-0.013999999999999999,0.0002999999999999982
Neil Magny,WW,6,-1.9217999999999993,-1.9817999999999998,0.10739999999999997,0.022500000000000006,-0.0226
Paul Craig,LHW,4,-0.9184999999999999,-1.4646000000000003,0.4895,-0.0421,-0.0242
Johnny Walker,LHW,4,-3.8404999999999996,-1.7566000000000002,-0.2135,-0.055099999999999996,0.0058
Mauricia Hua,LHW,1,-1.0975000000000001,0.0693999999999999,-0.2435,-0.0851,-0.0242
Ihor Potieria,LHW,2,0.7805,0.5763999999999996,-0.08549999999999999,-0.0851,0.0548
Gregory Rodrigues,MW,6,1.354099999999999,2.0913000000000004,0.007399999999999962,0.046299999999999994,0.0615
Brunno Ferreira ,MW,1,0.7461000000000002,1.2142999999999997,0.19439999999999996,-0.1067,0.22149999999999997
Thiago Moises,LW,5,-1.8185000000000002,-1.3872,0.012799999999999978,0.0475,-0.0222
Melquizael Costa,LW,1,-2.5954999999999995,-1.5522,-0.3042,-0.1115,-0.0222
Gabriel Bonfim,WW,1,16.209200000000003,6.7062,-0.2426,-0.0865,-0.0226
Mounir Lazzez,WW,3,4.216200000000001,3.9471999999999996,-0.0796,-0.0865,-0.0226
Shamil Abdurakhimov,HW,3,-4.6349,-1.8612000000000002,-0.1283,-0.0749,-0.0228
Jailton Almeida,LHW,4,3.3354999999999997,1.4293999999999993,0.3595,0.3669,-0.0242
Luan Lacerda,BW,1,1.5540000000000003,1.0590000000000002,-0.023799999999999988,-0.0314,-0.0264
Cody Stamann,BW,4,1.8360000000000003,1.3609999999999998,-0.0388,-0.0674,0.0046
Ismael Bonfim ,LW,1,-3.1354999999999995,0.5838000000000001,0.24480000000000002,0.02550000000000001,0.11480000000000001
Terrance McKinney,LW,5,2.3925,0.8658000000000001,0.09179999999999999,0.08650000000000001,0.10980000000000001
Warlley Alves,WW,3,-2.0657999999999994,-0.06879999999999953,-0.02560000000000001,0.0005000000000000004,0.020399999999999998
Nicholas Dalby,WW,3,1.6702000000000012,0.5302000000000007,-0.1096,-0.0645,-0.0226
Saimon Oliveira ,BW,1,-0.9130000000000003,-1.1230000000000002,0.39420000000000005,-0.0984,-0.0264
Daniel Marcos,BW,1,0.5939999999999994,2.9859999999999998,-0.1538,-0.0984,0.1106
Sean Strickland ,MW,3,4.649099999999999,2.5933,-0.2566,-0.0837,-0.0155
Nassourdine Imavov,MW,5,-0.12390000000000079,0.27029999999999976,-0.1426,-0.06570000000000001,-0.0155
Dan Ige,FW,5,-1.6679000000000013,-0.8168000000000002,-0.12469999999999998,-0.069,0.0119
Damon Jackson,FW,5,-3.017900000000001,-1.2958000000000003,0.1553,0.12,-0.0191
Punahele Soriano,MW,5,-0.7979000000000003,0.05229999999999979,-0.17660000000000003,-0.1067,0.0465
Roman Kopylov,MW,3,0.5140999999999991,1.3063000000000002,-0.19260000000000002,-0.0487,0.0425
Umar Nurmagomedov,BW,4,-1.758000000000001,0.5730000000000004,0.3432,0.1866,0.005600000000000001
Raoni Barcelos,BW,4,1.5099999999999998,1.545,-0.028799999999999992,-0.038400000000000004,0.0336
Javid Basharat,BW,3,0.3089999999999993,1.593,-0.09079999999999999,0.0126,-0.0264
Mateus Mendonca,BW,1,-6.246,-2.341,0.4422,0.034600000000000006,-0.0264
Claudio Ribeiro,MW,1,-0.2849000000000004,-0.5267,-0.2796,-0.1067,-0.0155
Abdul Razak Alhassan,MW,4,-4.4569,-1.6246999999999998,-0.1116,-0.022699999999999998,0.0405
Mateusz Rebecki,LW,1,4.7875,1.8487999999999998,-0.03720000000000001,0.08850000000000001,-0.0222
Nick Fiore,LW,1,-2.8794999999999993,-1.8172000000000001,-0.10420000000000001,-0.0445,-0.0222
Allan Nascimento,FLW,3,-4.5288,-2.1026,-0.013299999999999979,0.016,-0.0297
Carlos Hernandez,FLW,2,0.5191999999999997,1.1574,0.2087,0.0050000000000000044,-0.0297
Dan Argueta,FW,2,-1.5669000000000004,-1.8648000000000002,0.0363,0.067,-0.0191
Nick Aguirre,FW,1,-7.9339,-3.3988000000000005,-0.2637,-0.1,-0.0191
Jimmy Flick,FLW,1,-6.7518,-2.0675999999999997,0.37470000000000003,0.116,-0.0297
Jared Cannonier,MW,4,-0.20790000000000042,0.3413000000000004,-0.22060000000000002,-0.0947,-0.0034999999999999996
Sean Strickland,MW,3,6.104099999999999,2.5443,-0.18660000000000002,-0.0397,-0.0155
Arman tsarukyan,LW,5,0.6325000000000003,-0.3872,0.38180000000000003,0.2005,0.008799999999999999
Damir Ismagulov,LW,3,1.2095000000000002,-0.28420000000000023,-0.10420000000000001,-0.0675,-0.0222
Amir Albazi,FLW,3,1.0572,0.07540000000000013,0.06169999999999998,0.053000000000000005,0.033299999999999996
Alessandro Costa,FLW,1,-0.8498000000000001,-2.2136,-0.2843,-0.104,-0.0297
Alex Caceres ,FW,3,-2.677900000000001,-0.19380000000000042,-0.22569999999999998,-0.062000000000000006,0.0189
Julian Erosa,FW,6,6.255099999999999,3.5981999999999994,0.06630000000000003,0.043999999999999984,0.0019000000000000024
Drew Dober,LW,5,0.1875,-0.09620000000000006,-0.16220000000000004,-0.0915,0.0388
Bobby Green,LW,5,8.393500000000001,6.041799999999999,-0.21220000000000003,-0.1115,0.0007999999999999986
Cody Brundage,MW,4,-4.344900000000001,-2.1797,0.1084,0.0873,0.0235
Michal Oleksiejczuk,LHW,5,2.522500000000001,0.9173999999999998,-0.1405,-0.0591,0.0528
Jake Matthews,WW,3,-1.6967999999999996,-1.5257999999999998,-0.18660000000000002,-0.058499999999999996,0.005400000000000002
Matthew Semelsberger,WW,6,-0.4347999999999992,-0.5297999999999998,-0.1266,-0.0034999999999999892,0.07640000000000001
Saidyokub Kakhramonov,BW,3,-0.9350000000000005,-2.221,0.6182000000000001,0.3436,-0.0264
Maheshate,LW,2,-0.6794999999999991,-2.1132,-0.3042,-0.1115,0.1008
Bryan Battle,MW,4,-0.9219000000000008,0.4203000000000001,-0.016600000000000004,-0.053700000000000005,0.010499999999999999
Rinat Fakhretdinov,WW,2,-1.4297999999999984,-1.3807999999999998,0.39039999999999997,0.3135,0.010400000000000003
David Dvorak,FLW,3,-0.8158000000000012,-1.0976,-0.1293,-0.041999999999999996,-0.0297
Manel Kape,FLW,5,-0.3648000000000007,0.8584000000000005,-0.1543,-0.067,0.04429999999999999
Sergey Morozov,BW,5,-1.6140000000000008,-1.2600000000000002,0.4662,0.1436,-0.0104
Journey Newson,BW,2,-1.3800000000000008,-1.5070000000000001,-0.1238,-0.0314,-0.0264
Jan Blachowicz ,LHW,4,-1.2315000000000005,-0.9006000000000003,-0.17149999999999999,-0.0421,-0.0242
Magomed Ankalaev,LHW,5,0.15549999999999997,-0.5656000000000003,0.04049999999999998,-0.006099999999999994,-0.0132
Paddy Pimblett,LW,4,0.42650000000000077,0.1097999999999999,-0.04620000000000002,-0.0465,0.0098
Jared Gordon,FW,5,0.7150999999999996,0.8712,-0.06169999999999998,-0.019000000000000003,-0.0191
Alex Morono,WW,5,6.513199999999999,2.7052000000000005,-0.1256,-0.0865,0.0164
Darren Till,MW,2,-4.266900000000001,-1.5556999999999999,-0.2396,-0.06670000000000001,-0.0155
Bryce Mitchell,FW,2,2.0121,-1.3098000000000005,0.29730000000000006,0.11599999999999999,0.023899999999999998
Ilia Topuria,FW,3,-1.6258999999999997,-0.24080000000000013,-0.0537,-0.04800000000000001,0.0859
Jay Perrin,BW,3,-1.1980000000000004,-0.17999999999999972,0.07619999999999999,0.054599999999999996,-0.0264
Jairzinho Rozenstruik,HW,5,-4.2359,-2.1172000000000004,-0.1823,-0.0749,0.019200000000000002
Chris Daukaus,HW,5,1.7041000000000004,1.3717999999999995,-0.1823,-0.0749,0.0912
Edmen Shahbazyan,MW,3,-2.9269000000000007,-0.6456999999999997,-0.13460000000000003,-0.0777,-0.0155
Dalcha Lungiambula,MW,5,-0.3539000000000012,-0.3776999999999999,0.007399999999999962,0.016299999999999995,-0.0155
Joaquin Buckley,MW,6,2.7531,-0.2077,0.01639999999999997,-0.002700000000000008,0.0365
Erik Silva,FW,1,-7.9979000000000005,-2.7968,0.028299999999999992,0.119,-0.0191
Steven Koslow,BW,1,-7.959,-3.5,0.3422,0.2536,-0.0264
Stephen Thompson,WW,3,-1.8697999999999997,-0.29380000000000006,-0.22260000000000002,-0.0865,-0.0226
Brian Barbarena,WW,1,-1.2497999999999987,-2.6338,-0.2426,-0.0865,-0.0226
Rafael Dos Anjos,LW,3,-0.6984999999999992,0.24179999999999957,0.3857999999999999,0.09349999999999999,-0.0032000000000000015
Matt Schnell,FLW,5,3.251199999999999,1.1294000000000004,-0.2223,-0.063,-0.0087
Tai Tuivasa,HW,6,-3.6329000000000002,-0.2042000000000006,-0.1483,-0.0749,0.1482
Sergei Pavlovich,HW,3,9.6931,5.9638,-0.1823,-0.0749,0.6592
Jack Hermansson,MW,4,3.5031,1.2862999999999998,0.07939999999999997,-0.028700000000000003,-0.0155
Eryk Anders,MW,5,1.9910999999999994,0.4722999999999997,0.5324,0.047299999999999995,0.028499999999999998
Kyle Daukaus,MW,4,-1.818900000000001,-1.1846999999999999,0.44239999999999996,-0.07070000000000001,-0.0155
Niko Price,WW,3,5.1332,1.4422000000000006,-0.0816,-0.0635,-0.0226
Phil Rowe,WW,3,-2.1397999999999993,-0.4177999999999997,-0.1756,-0.05349999999999999,0.04440000000000001
Scott Holtzman,LW,2,0.1645000000000003,-0.5742000000000003,-0.25720000000000004,-0.1115,-0.0222
Michael Johnson,LW,4,0.3435000000000006,0.3567999999999998,-0.19220000000000004,-0.0925,0.014799999999999997
Marc Diakiese,LW,4,-3.9804999999999993,-2.2042,0.4648,0.29450000000000004,-0.0222
Darren Elkins,FW,4,4.4940999999999995,-0.5758000000000005,0.19930000000000003,0.095,-0.0191
Jonathan Pearce,FW,4,2.3340999999999994,0.4912000000000001,0.42829999999999996,0.277,-0.0191
Natan Levy,LW,3,-1.0124999999999993,0.49380000000000024,0.42879999999999996,0.28850000000000003,-0.0222
Genaro Valdez,LW,2,1.1494999999999997,-0.8512,-0.24920000000000003,-0.1115,-0.0222
Marcelo Rojo,FW,3,2.1740999999999993,0.5842,-0.2027,-0.069,-0.0191
Francis Marshall,FW,1,3.2111,-0.6418000000000004,0.2173,0.06,0.1409
Kennedy Nzechukwu,LHW,6,1.1545000000000005,0.5913999999999993,-0.08049999999999999,0.0059000000000000025,0.011799999999999998
Chase Sherman,HW,6,4.1751000000000005,2.5648,-0.1503,-0.058899999999999994,-0.0068000000000000005
Waldo Cortes-Acosta,HW,2,4.5870999999999995,3.2398,-0.1823,-0.0749,-0.0228
Andre Fialho,WW,5,-2.1267999999999994,-1.1427999999999998,-0.2426,-0.0865,0.026400000000000003
Muslim Salikhov,WW,3,-1.7897999999999996,-0.36279999999999957,0.009399999999999992,0.02550000000000001,0.005400000000000002
Danny Roberts,WW,2,-1.9797999999999991,-2.0857999999999994,-0.18860000000000002,-0.0865,-0.0226
Zhalgas Zhumagulov,FLW,5,3.257199999999999,1.4074,0.10770000000000002,-0.025999999999999995,-0.0297
Vince Morales,BW,4,0.9299999999999997,-0.17100000000000026,-0.20579999999999998,-0.0774,-0.0053999999999999986
Miles Johns,BW,3,-2.654,-0.2629999999999999,0.052200000000000024,-0.0724,-0.00040000000000000105
Ricky Turcios,BW,3,5.530999999999999,0.05900000000000016,-0.04680000000000001,-0.009400000000000006,-0.004400000000000001
Kevin Natividad,BW,2,-3.524,-1.495,0.5302,0.3436,0.0366
Brady Hiestand,BW,2,-3.1130000000000004,-1.4409999999999998,0.3422,0.2016,-0.0264
Fernando Garcia,BW,1,-2.58,-2.874,-0.1578,-0.0314,-0.0264
Dustin Poirer ,LW,3,0.5525000000000002,0.8887999999999998,-0.18220000000000003,-0.0295,0.0188
Michael Chandler,LW,5,3.028500000000001,1.4017999999999997,0.04479999999999995,0.013499999999999998,0.027800000000000002
Frankie Edgar,BW,3,2.3859999999999992,1.7320000000000002,0.26120000000000004,0.0856,-0.0264
Dan Hooker,LW,5,3.2095000000000002,-0.029200000000000337,-0.08220000000000002,-0.0165,0.0098
Claudio Puelles,LW,4,-4.6395,-2.3822,0.18879999999999997,0.011499999999999996,-0.0222
Brad Riddell,LW,4,-0.6404999999999994,1.1357999999999997,0.2368,0.0795,-0.0222
Renato Moicano,LW,4,-2.102499999999999,-0.5392000000000001,0.07979999999999998,0.0465,-0.0222
Dominick Reyes,LHW,2,1.9804999999999993,2.1933999999999996,-0.1515,0.006900000000000003,-0.0242
Andre Petroski,MW,4,-1.7759,-0.3626999999999998,0.3534,0.25529999999999997,-0.0155
Wellington Turman,MW,4,-3.2749000000000006,-0.9466999999999999,0.32639999999999997,-0.03370000000000001,-0.0155
Matt Frevola,LW,4,1.041500000000001,0.08479999999999954,-0.20820000000000002,-0.1115,0.2178
Ottman Azaitar,LW,1,-1.2125000000000004,-0.08420000000000005,-0.3042,-0.1115,-0.0222
Mike Trizano,FW,2,-1.0919000000000008,0.10119999999999951,-0.2637,-0.1,0.0819
Seung-Woo Choi,FW,5,0.8491,-0.7968000000000002,-0.13069999999999998,-0.033,0.047900000000000005
Julio Arce,BW,4,2.6310000000000002,0.31400000000000006,-0.2248,-0.0764,-0.0264
Montel Jackson,BW,3,-2.4670000000000005,-1.521,-0.0408,0.0266,0.1926
Carlos Ulberg,LHW,4,3.9715000000000007,4.4224,-0.1725,-0.014100000000000001,0.046799999999999994
Nicolae Negumereanu,LHW,5,3.1575000000000006,0.4723999999999995,0.07750000000000001,0.006900000000000003,-0.0242
Daniel Rodriguez,WW,5,3.1312000000000015,2.8732000000000006,-0.2106,-0.0865,-0.0226
Derrick Minner,FLW,4,-3.2208000000000006,-1.2256,-0.08429999999999999,0.071,-0.004699999999999999
Tagir Ulanbekov,FLW,3,0.11720000000000041,-0.12559999999999993,0.24370000000000003,0.114,-0.0297
Nate Maness,BW,3,-2.8640000000000008,-2.754,-0.2498,-0.0574,0.014600000000000002
Grant Dawson,LW,4,-1.9505,-1.2932000000000001,0.5317999999999999,0.11950000000000001,-0.004200000000000002
Mark Madsen,LW,3,-1.4305000000000003,-0.47219999999999995,-0.20920000000000002,-0.04050000000000001,-0.0222
Benito Lopez,BW,1,-5.811,-0.8050000000000002,-0.2908,-0.0984,-0.0264
Liudvik Sholinian,BW,1,0.15399999999999991,-0.5409999999999999,-0.1578,-0.0984,-0.0264
Johnny Munoz,BW,3,4.350999999999999,-0.31099999999999994,0.04620000000000002,0.07060000000000001,-0.0264
Carlos Candelario,FLW,2,-0.9998000000000005,-0.16159999999999997,-0.019299999999999984,0.02800000000000001,-0.0297
Josh Hadley,FLW,1,14.966199999999999,8.159400000000002,-0.2843,-0.104,-0.0297
Calvin Kattar,FW,4,3.1090999999999998,0.9221999999999992,-0.1517,-0.07500000000000001,-0.007099999999999999
Tim Means,WW,3,0.2662000000000013,-0.9957999999999996,0.1414,0.07850000000000001,-0.0226
Max Griffin ,WW,4,-1.6667999999999985,0.31320000000000014,-0.03160000000000002,-0.0014999999999999875,0.06240000000000001
Jared Vanderaa,HW,7,2.0951000000000004,0.8037999999999998,-0.17029999999999998,-0.0749,-0.0228
Josh Fremd ,MW,1,-0.363900000000001,0.12330000000000041,-0.10760000000000003,-0.1067,-0.0155
Tresean Gore,MW,3,-2.9419000000000004,-0.9596999999999998,0.0043999999999999595,0.09630000000000001,-0.0155
Khalil Rountree,LHW,4,3.1705000000000005,0.5203999999999995,-0.2205,-0.0851,0.04580000000000001
Phil Hawes,MW,5,3.3950999999999993,1.7033000000000005,0.09539999999999998,0.060300000000000006,0.005500000000000001
Andre Arlovski,HW,5,1.3760999999999992,1.2287999999999997,-0.1823,-0.0749,-0.0228
Marcos de Lima,HW,4,3.2670999999999992,-0.9422000000000006,0.09570000000000004,0.049100000000000005,0.008199999999999999
Joseph Holmes,MW,3,-3.2849000000000004,-0.39769999999999994,-0.15560000000000002,-0.06570000000000001,0.025500000000000002
Jun-Yong Park,MW,1,-0.7419000000000011,-1.7717,0.21639999999999998,0.14129999999999998,-0.0155
Chase Hooper,FW,3,0.8521000000000001,-0.9118000000000004,0.27830000000000005,0.13699999999999998,-0.0191
Cody Durden,FLW,4,-0.29380000000000095,-0.4596,0.3077,0.20800000000000002,0.001299999999999999
Carlos Mota,FLW,1,-5.4758000000000004,-2.8056,-0.2843,-0.104,-0.0297
Joshua Weems,BW,1,-3.1400000000000006,0.09799999999999986,0.4382,0.3876,-0.0264
Charles Oliveira,LW,4,0.16549999999999976,1.1327999999999996,0.05279999999999996,-0.07550000000000001,0.0848
Aljamain Sterling,BW,3,0.06099999999999994,0.06700000000000017,0.5922000000000001,0.05159999999999999,-0.0264
TJ Dillashaw ,BW,2,-0.15200000000000102,-0.7759999999999998,0.27219999999999994,-0.039400000000000004,-0.0264
Sean O'Malley,BW,5,2.5229999999999997,3.9720000000000004,-0.2728,-0.0984,0.044599999999999994
Beniel Dariush,LW,1,-1.2125000000000004,-0.15120000000000022,-0.3042,-0.1115,0.044800000000000006
Belal Muhammad,WW,6,3.7622000000000018,0.15220000000000056,0.09840000000000002,0.0665,-0.0226
Sean Brady,WW,3,-0.6647999999999996,-1.3597999999999995,0.12339999999999998,0.07050000000000001,-0.0226
Makhmud Muradov,MW,3,0.7570999999999994,-0.18069999999999986,-0.16460000000000002,-0.0497,-0.0155
Caio Borralho,MW,3,-4.5639,-2.5917,-0.09760000000000002,0.030300000000000007,-0.0155
Volkan Oezdemir,LHW,3,0.08750000000000036,-0.49360000000000026,-0.1545,-0.0411,-0.0242
Abubakar Nurmagomedov,WW,2,-1.7967999999999993,-0.9807999999999995,0.05739999999999998,-0.01949999999999999,-0.0226
Gadzhi Omargadzhiev,MW,2,-2.1449,-2.2747,0.031399999999999983,-0.0377,-0.0155
Armen Petrosyan,MW,3,3.3930999999999987,2.1303,-0.2576,-0.1067,-0.0155
AJ Dobson,MW,2,-0.895900000000001,-0.3357000000000001,-0.1796,-0.006699999999999998,-0.0155
Cub Swanson,FW,3,-1.1998999999999995,1.4771999999999998,-0.18369999999999997,-0.020000000000000004,0.0609
Jordan Wright,MW,3,3.905099999999999,2.6123000000000003,0.1864,0.1733,0.0775
Misha Cirkunov,LHW,4,-1.5054999999999996,-0.7376000000000005,0.7505,0.1639,-0.0242
Brandon Davis,BW,1,1.6869999999999994,0.7930000000000001,-0.09079999999999999,-0.0314,-0.0264
Nick Maximov,MW,4,-2.4039,-2.2517,0.41239999999999993,0.2173,-0.0155
Jacob Malkoun,MW,4,1.5040999999999993,-0.28569999999999984,0.8373999999999999,0.3933,-0.0155
Joanderson Brito,FW,3,-3.1079000000000008,-1.0578000000000003,0.07530000000000003,0.126,0.0369
Mike Jackson,WW,2,-0.944799999999999,0.8552,0.12639999999999998,-0.0865,-0.0226
Pete Rodriguez,WW,2,13.094200000000003,6.054200000000001,-0.2426,-0.0865,0.1984
Francisco Trinaldo,WW,4,-2.4467999999999996,-1.0637999999999996,-0.09260000000000002,-0.05349999999999999,-0.0226
Sodiq Yusuff,FW,3,-1.033900000000001,-0.39780000000000015,-0.13269999999999998,-0.067,-0.0191
Mike Davis,LW,2,2.387500000000001,1.6828000000000003,0.3628,0.28850000000000003,-0.0222
Viacheslav Borshchev,LW,3,-4.166499999999999,-1.3902,-0.3042,-0.1115,0.007799999999999998
John Castaneda,BW,3,2.093,1.803,-0.019799999999999984,0.017600000000000005,0.08960000000000001
Daniel Santos,BW,2,4.045999999999999,0.5490000000000004,-0.04580000000000001,-0.016399999999999998,0.014600000000000002
Ilir Latifi,HW,2,-3.8799,-2.4932000000000003,0.1177,0.09210000000000002,-0.0228
Aleksei  Oleinik,HW,1,-2.5469,-2.2262000000000004,-0.1823,-0.0749,-0.0228
Joaquim Silva,LW,2,0.7874999999999996,1.1727999999999996,-0.3042,-0.1115,0.0918
Jesse Ronson,LW,2,-2.2304999999999993,-0.5222000000000002,-0.19320000000000004,-0.1115,-0.0222
Krzysztof Jotko,MW,4,0.6320999999999994,-1.0406999999999997,-0.11760000000000001,-0.005699999999999997,-0.0155
Randy Costa ,BW,2,8.480999999999998,4.332,-0.2908,-0.0984,-0.0264
Song Yadong ,BW,2,0.8059999999999992,-1.197,-0.2008,-0.008400000000000005,0.0186
Andre Fili,FW,3,0.3080999999999996,0.2831999999999999,-0.07769999999999999,-0.007000000000000006,-0.0191
Alen Amedovski,MW,2,-2.5379000000000005,-1.5947,-0.2796,-0.1067,-0.0155
Rordrigo Nascimento,HW,1,-0.14690000000000047,-1.6932000000000005,0.28470000000000006,0.12510000000000002,-0.0228
Anthony Hernandez,MW,3,-1.8409000000000013,-0.4786999999999999,0.4604,0.36729999999999996,-0.0155
Pat Sabatini,FW,5,-2.655900000000001,-2.6658000000000004,0.3193,0.15,0.0019000000000000024
Louis Cosce,WW,1,-7.4628,-3.6468,-0.1756,-0.01949999999999999,-0.0226
Nikolas Motta,LW,2,-0.9535,0.08879999999999999,-0.3042,-0.1115,0.0708
Cameron VanCamp,WW,2,0.3642000000000003,0.9992000000000001,-0.2426,-0.0865,-0.0226
Nick Diaz,MW,2,9.403099999999998,4.8303,-0.2446,-0.1067,-0.0155
Tony Ferguson,LW,3,-2.8374999999999995,-1.0702000000000003,-0.2252,-0.0855,-0.0222
Khamzat Chimaev,WW,3,4.0632,2.1792000000000007,0.24539999999999998,0.1575,0.026400000000000003
Li Jingliang,WW,4,-0.9207999999999998,-0.07479999999999976,-0.1496,-0.024499999999999994,0.039400000000000004
Hakeem Dawodu,FW,3,1.3331,1.3121999999999998,-0.2417,-0.1,-0.0191
Jake Collier,HW,4,6.715100000000001,3.2878,-0.0063,0.02510000000000001,0.0022000000000000006
Chris Barnett,HW,4,0.8641000000000005,0.3207999999999993,-0.1523,-0.0749,0.007199999999999998
Chad Anheliger,BW,1,-0.045999999999999375,-1.674,-0.2908,-0.0984,-0.0264
Alatengheili,BW,3,-1.6550000000000011,-1.2200000000000002,-0.1938,-0.0334,0.005600000000000001
Darian Weeks,WW,3,-1.1967999999999996,0.17520000000000024,0.2014,0.046500000000000014,-0.0226
Robert Whittaker,MW,3,-1.8089000000000013,0.35130000000000017,-0.002599999999999991,0.03130000000000001,-0.0155
Alessio Di Chirico,MW,3,1.2800999999999991,-0.18869999999999987,0.013399999999999967,-0.1067,0.057499999999999996
William Gomis,FW,1,-2.9999000000000002,-2.1988000000000003,0.06930000000000003,0.1,-0.0191
Jarno Errens,FW,1,-6.7999,-2.9988,-0.13069999999999998,-0.1,-0.0191
Charles Jourdain,FW,6,4.350099999999999,2.7501999999999995,-0.18369999999999997,-0.08700000000000001,0.020900000000000002
Nathaniel Wood,FW,2,2.2661,2.1351999999999993,0.0363,0.1,-0.0191
Abus Magomedov,MW,1,11.9421,18.1023,-0.2796,-0.1067,3.1425
Dustin Stoltzfus,MW,3,3.873099999999999,0.25929999999999964,0.014399999999999968,-0.03370000000000001,-0.0155
John Makdessi,LW,2,4.6875,2.4828,-0.3042,-0.1115,-0.0222
Nasrat Haqparast,LW,4,0.7375000000000007,0.3487999999999998,-0.20420000000000002,-0.0785,-0.0052
Fares Ziam,LW,3,-1.4634999999999998,-0.9771999999999998,-0.08620000000000003,-0.018500000000000003,-0.0222
Michal Figlak,LW,1,-2.0124999999999993,-2.2172,0.028799999999999992,-0.0445,-0.0222
Benoit Saint Denis,WW,3,1.2102000000000004,0.052200000000000024,0.5034,0.1375,0.08940000000000001
Gabriel Miranda,LW,1,-0.34949999999999903,-0.2871999999999999,0.2657999999999999,0.0785,-0.0222
Khalid Taha,BW,2,-0.7759999999999998,-2.137,-0.2358,-0.0984,-0.0264
Cristian Quinonez,BW,1,3.5489999999999995,1.572,-0.2908,-0.0984,-0.0264
Paulo Costa,LHW,2,0.4815000000000005,1.8064,-0.16849999999999998,-0.010099999999999998,-0.0242
Luke Rockhold,MW,1,-4.9629,-0.6027,-0.0126,-0.0397,-0.0155
Jose Aldo ,BW,2,-0.41300000000000026,0.7930000000000001,0.24220000000000003,-0.0984,-0.0264
Harry Hunsucker,HW,3,-5.0579,-1.7142000000000004,0.08170000000000002,-0.0749,-0.0228
Leonardo Santos,LW,3,-2.3484999999999996,-1.1392000000000002,-0.16620000000000001,-0.0835,0.0058
Sean Woodson,FW,3,2.8750999999999998,0.39319999999999933,-0.2637,-0.1,0.009900000000000003
Luis Saldana,FW,4,-0.8498999999999999,0.4681999999999995,0.019299999999999984,-0.05,-0.0020999999999999977
Ange Loosa,WW,2,8.2702,2.9192,-0.0426,-0.01949999999999999,-0.0226
Francisco Figueiredo,FLW,4,-5.2038,-1.5705999999999998,-0.06129999999999999,0.06300000000000001,-0.0297
Aoriqileng,FLW,4,4.575199999999999,2.4614000000000003,-0.05429999999999999,0.0010000000000000009,-0.0087
Dominick Cruz,BW,3,5.245000000000001,1.7320000000000002,0.23820000000000002,0.007599999999999996,-0.0264
David Onama,LW,4,1.3695000000000004,0.6618000000000004,0.010799999999999976,-0.0485,0.0198
Devin Clark,HW,2,-1.0328999999999997,-2.1462000000000003,0.020700000000000024,0.006100000000000008,0.0182
Martin Buday,HW,2,3.437099999999999,0.4878,-0.1823,-0.0749,0.015199999999999998
Gabriel Benitez,FW,2,0.31709999999999994,1.1281999999999996,-0.1477,-0.042,0.038900000000000004
Charlie Ontiveros,LW,2,-1.8544999999999998,-1.2962000000000002,-0.3042,-0.1115,0.1698
Jason Witt,WW,4,-4.040799999999999,-2.3678,0.8523999999999999,0.4405,0.018400000000000003
Josh Quinlan,WW,1,-5.148799999999999,-2.9187999999999996,-0.2426,-0.0865,0.4424
Youssef Zalal,FW,3,-3.0449,-1.4878000000000005,0.3363,0.033,-0.0191
Thiago Santos,LHW,4,-3.9485,-1.5976000000000004,0.02350000000000002,-0.0121,-0.012199999999999999
Vicente Luque,WW,4,3.2962000000000007,2.0702000000000007,-0.2426,-0.0865,-0.0226
Mohammed Usman,HW,1,-2.7589000000000006,-1.9502000000000006,-0.0032999999999999974,-0.0749,0.1562
Zac Pauga,HW,1,-0.972900000000001,1.6208,-0.1823,-0.0749,-0.0228
Sam Alvey,MW,4,-0.07190000000000119,-0.03069999999999995,-0.24760000000000001,-0.1067,-0.0155
Takashi Sato,WW,2,-8.060799999999999,-3.6148,-0.2426,-0.0865,-0.0226
Kai Kara-France,FLW,4,-0.5958000000000006,0.09440000000000026,-0.20529999999999998,-0.078,0.0493
Alexandre Pantoja,FLW,3,-0.8038000000000007,0.8613999999999997,0.059699999999999975,0.06799999999999999,-0.0297
Alex Perez,FLW,1,-0.3778000000000006,2.9874,0.37470000000000003,-0.104,-0.0297
Anthony Smith,LHW,3,-3.2904999999999998,-0.4916000000000005,-0.1845,-0.0851,0.0938
Hamdy Abdelwahab,HW,1,0.8530999999999995,-0.2262000000000004,0.08470000000000003,0.12510000000000002,0.0442
Drakkar Klose,LW,2,3.4075000000000006,2.5827999999999998,0.3288,0.0835,0.0748
Michael Morales,WW,2,27.556200000000004,16.4482,0.1384,-0.0865,0.5484
Orion Cosce,WW,2,-2.9677999999999995,-2.3838,0.3323999999999999,0.1185,-0.0226
Blood Diamond,WW,2,-4.159799999999999,-1.0537999999999998,-0.19160000000000002,-0.0865,-0.0226
Curtis Blaydes,HW,4,1.6010999999999989,-0.6072000000000002,0.15170000000000003,0.03610000000000001,0.014199999999999997
Tom Aspinall,HW,4,1.3820999999999994,2.6258,0.0547,0.1621,0.0562
Alexander Gustafsson,LHW,1,-1.6084999999999994,0.3843999999999994,-0.2435,-0.0851,-0.0242
Mason Jones,LW,4,4.156500000000001,1.5248,0.1548,0.09949999999999999,-0.0222
Damir Hadzovic,LW,2,-1.5454999999999988,0.11580000000000013,-0.17120000000000002,-0.0445,-0.0222
Charles Rosa,FW,4,1.2830999999999992,-1.2988000000000004,-0.030699999999999977,0.0,-0.0191
Claudio Silva,WW,2,-4.562799999999999,-3.2467999999999995,0.49039999999999995,0.08050000000000002,-0.0226
Brian Ortega,FW,2,-1.1639,-0.5628000000000002,0.07930000000000004,0.002999999999999989,-0.0191
Sumudaerji,FLW,2,-0.6338000000000008,0.8204000000000002,-0.2843,-0.104,0.011300000000000001
Shane Burgos,FW,3,4.078099999999999,3.3011999999999997,-0.09369999999999998,-0.052000000000000005,-0.0191
Ricky Simon,BW,4,-3.2300000000000004,-1.629,0.4902,0.3296,0.023600000000000003
Herbert Burns,FW,1,-7.407900000000001,-2.8688000000000002,0.029299999999999993,0.045999999999999985,-0.0191
Da-un Jung,LHW,1,2.4555000000000007,0.25839999999999996,-0.2435,-0.0851,-0.0242
Dwight Grant,WW,4,-1.1077999999999992,-1.1067999999999998,-0.18760000000000002,-0.03149999999999999,-0.0046
Douglas Silva de Andrade,FW,2,-3.8669000000000002,-2.0988,-0.16369999999999998,-0.033,-0.0191
Aiemann Zahabi,BW,2,-4.498,-0.79,-0.2908,-0.0984,0.0286
Garret Armfield,FW,1,-4.7869,-2.7428000000000003,-0.1127,-0.1,-0.0191
Karl Roberson,MW,3,-6.7189000000000005,-2.5896999999999997,-0.1476,-0.1067,-0.0155
Ronnie Lawrence,BW,3,-4.252000000000001,-1.037,0.13119999999999998,0.2536,0.04360000000000001
Alexander Volkonovski,FW,3,3.8681,4.0482000000000005,-0.1417,-0.03900000000000001,-0.0040999999999999995
Robbie Lawler,MW,2,4.126099999999999,4.3653,-0.2796,-0.1067,-0.0155
Donald Cerrone,WW,2,-4.300799999999999,-0.9207999999999998,-0.06360000000000002,-0.0865,-0.0226
Gabe Green,WW,2,3.292200000000001,1.4282000000000004,-0.0766,-0.04449999999999999,-0.0226
Brad Tavares,MW,3,-0.006899999999999906,0.8863000000000003,-0.2576,-0.1067,0.006499999999999999
Uriah Hall,MW,3,-2.1699,-1.1976999999999998,-0.2796,-0.1067,-0.0155
Alan Baudot,HW,3,0.03810000000000002,1.4567999999999994,-0.1823,-0.0749,0.011200000000000002
Christos Giagos,LW,3,-3.1014999999999997,-1.8552,0.14179999999999998,0.15550000000000003,-0.0222
Rodolfo Vieira,MW,1,-0.22990000000000066,1.7302999999999997,1.0534,-0.1067,-0.0155
Tafon Nchukwi,MW,4,1.5800999999999998,2.5473,-0.16060000000000002,-0.011700000000000002,-0.0155
Raulian Paiva,BW,3,-1.2300000000000004,-0.6720000000000002,0.05519999999999997,-0.012400000000000008,-0.0264
JP Buys,FLW,3,-3.500800000000001,-2.2756,0.13169999999999998,-0.06199999999999999,-0.0297
Brian Kelleher,FW,5,-1.0669000000000004,-2.5958000000000006,-0.04669999999999999,0.07799999999999999,0.0009000000000000015
Guram Kutateladze,LW,1,2.2545,1.1158000000000001,0.1628,-0.0445,-0.0222
Tony Kelley,BW,2,9.597000000000001,3.532,-0.2908,-0.0984,-0.0264
Court McGee,WW,3,-1.9227999999999987,-1.3357999999999994,0.26439999999999997,0.1665,0.009400000000000002
Jeremiah Wells,WW,3,-1.755799999999999,-0.6387999999999998,0.4414,-0.0014999999999999875,0.1484
Ricardo Ramos,FW,3,0.05509999999999948,-0.3258000000000001,0.1533,0.156,0.012900000000000002
Danny Chavez,FW,3,-3.1499000000000006,-1.6718000000000002,-0.07169999999999999,-0.036000000000000004,-0.0191
Eddie Wineland,BW,2,1.8569999999999993,-0.7749999999999999,-0.11580000000000001,0.07659999999999999,-0.0264
Deron Winn,MW,1,1.9430999999999994,-0.6046999999999998,-0.2796,-0.1067,-0.0155
Roman Dolidze,MW,2,-3.626900000000001,-2.6456999999999997,0.27540000000000003,0.20129999999999998,0.1075
Jiri Prochazka,LHW,2,1.5615000000000006,1.6974,-0.2145,-0.0561,0.004800000000000002
Ramazan Emeev,WW,2,-0.23579999999999934,-0.8917999999999995,0.38439999999999996,0.19849999999999998,-0.0226
Kyung Ho Kang,BW,1,-0.5800000000000001,2.393,-0.1578,-0.0984,-0.0264
Batgeral Danaa,BW,1,8.154,2.9930000000000003,-0.2238,-0.0984,-0.0264
Movsar Evloev,FW,3,4.8001000000000005,-0.06479999999999997,0.42529999999999996,0.344,-0.0191
Michael Trizano,FW,1,-4.2879000000000005,-1.4918000000000005,-0.2637,-0.1,0.07289999999999999
Lucas Almeida,FW,1,4.597099999999999,2.5382,-0.2637,-0.1,0.1639
Zarrukh Adashev,FLW,3,-0.5167999999999999,0.03739999999999988,-0.12329999999999999,-0.104,-0.0297
Askar Mozharov,LHW,1,-5.3825,-3.6646000000000005,-0.2435,-0.0851,-0.0242
Alex Da Silva,LW,1,-4.012499999999999,-1.7511999999999999,-0.3042,-0.1115,0.044800000000000006
Niklas Stolze ,WW,2,-6.033799999999999,-1.9657999999999998,-0.2426,-0.0865,-0.0226
Jeff Molina,FLW,3,11.134199999999998,4.6354,-0.2563,-0.104,0.0553
Andreas Michailidis,MW,3,-3.8459000000000003,-1.3397000000000001,0.0033999999999999586,-0.021699999999999997,-0.0155
Michel Pereira,WW,3,2.7142000000000017,2.5532000000000004,-0.020600000000000007,0.0025000000000000022,-0.0226
Jun Yong Park,MW,1,2.3041,2.9973,-0.2126,-0.1067,-0.0155
Uros Medic,LW,3,2.0084999999999997,3.0347999999999997,-0.3042,-0.1115,0.1958
Felipe Colares,FW,3,-2.0199,-1.0758000000000005,0.2243,0.016,-0.0191
Aleksandar Rakic,LHW,2,-0.9604999999999997,-1.6876000000000002,-0.014499999999999985,-0.047099999999999996,-0.0242
Louis Smolka,BW,2,2.860999999999999,3.0410000000000004,-0.05779999999999999,-0.0984,-0.0264
Frank Camacho,LW,1,1.1814999999999998,0.5537999999999998,1.1448,-0.1115,-0.0222
Manuel Torres,LW,1,8.138499999999999,5.7708,-0.014200000000000046,-0.1115,0.2678
Alan Patrick,LW,2,-4.3225,-2.0332,0.27279999999999993,-0.1115,-0.0222
Mauricio Hua,LHW,1,-3.0685000000000002,-0.49360000000000026,-0.2435,-0.0851,-0.0242
Ovince Saint preux,HW,2,-3.9509000000000007,-0.9402000000000004,0.08370000000000002,-0.030899999999999997,-0.0228
Khaos Williams,WW,3,11.085200000000002,2.6142000000000003,-0.2106,-0.0865,0.041400000000000006
Fernie garcia,BW,1,-3.9800000000000004,-1.807,-0.2908,-0.0984,-0.0264
Tristan Connelly,FW,2,-1.6339000000000006,-1.4988000000000001,-0.2307,-0.067,-0.0191
Mike Breeden,LW,2,4.0365,2.6508000000000003,-0.05920000000000003,0.0725,-0.0222
Sergey Khandozhko,WW,1,2.7842000000000002,0.9832000000000001,-0.1346,0.021500000000000005,0.1934
Ike Villanueva,LHW,4,0.33150000000000013,-0.21760000000000046,-0.1315,-0.029099999999999994,0.0318
Cameron Else,BW,1,-6.2700000000000005,-2.1310000000000002,-0.2908,-0.0984,-0.0264
Phillipe Lins,LHW,1,-0.20149999999999935,0.1734,0.4895,0.1819,-0.0242
Dean Barry,WW,1,13.3222,4.996200000000001,0.016399999999999998,0.17250000000000001,0.2364
Miguel Baeza,WW,3,6.869200000000001,3.3732000000000006,-0.1456,-0.0865,-0.0226
TJ Laramie,FW,1,-8.4669,-3.3318000000000003,0.003300000000000025,-0.033,-0.0191
Brandon Jenkins,LW,2,-1.1745,-1.1542,-0.3042,-0.1115,-0.0222
Kevin Croom,FW,3,-1.8089000000000013,-1.7978000000000005,0.28830000000000006,-0.068,-0.0191
Chan Sung Jung,FW,2,-1.8399,-0.8958000000000004,-0.1407,-0.02600000000000001,-0.0191
Giblert Burns,WW,1,4.137200000000002,3.6192,0.09040000000000001,-0.0865,-0.0226
Vinc Pichel,LW,2,0.6204999999999998,0.5488,-0.10420000000000001,-0.0785,-0.0222
Mickey Gall,WW,3,-1.4848,-0.19979999999999976,-0.05760000000000001,0.005500000000000005,-0.0226
Aleksei Oleinik,HW,3,-0.5989000000000004,-0.5922000000000005,-0.0363,-0.025899999999999992,-0.0228
Matt Brown,WW,2,-2.1767999999999983,0.3752000000000004,0.06139999999999998,0.1305,0.020399999999999998
Askar Askarov,FLW,2,-3.508800000000001,-0.7725999999999997,0.38270000000000004,0.129,-0.0297
Batgerel Danaa,BW,2,5.158000000000001,0.13100000000000023,-0.1718,0.020599999999999993,0.09259999999999999
Aliaskhab Khizriev,MW,1,1.1770999999999994,2.0263,0.15139999999999998,0.18029999999999996,-0.0155
Bruno Souza,FW,2,-1.5998999999999999,-0.5988000000000002,-0.06369999999999998,-0.067,-0.0191
Kazula Vargas,LW,2,0.9075000000000006,1.3898000000000001,-0.25120000000000003,-0.1115,-0.0222
Mike Grundy,FW,2,-6.8039000000000005,-2.3258000000000005,1.0533,0.151,-0.0191
Timur Valiev,FW,3,-0.08890000000000065,0.20120000000000005,0.06930000000000003,0.033,-0.0191
Marlon Moraes,BW,2,-4.488,-0.9740000000000002,-0.2908,-0.0984,0.060599999999999994
Alex Caceres,FW,1,-1.533900000000001,0.06820000000000004,-0.06369999999999998,-0.033,-0.0191
Kamuela Kirk,FW,2,-1.5119000000000007,-2.3078000000000003,-0.2637,-0.1,-0.0191
Kris Moutinho,BW,2,3.9670000000000005,0.5860000000000003,-0.2908,-0.0984,-0.0264
Colby Covington,WW,2,1.9902000000000015,-0.29380000000000006,0.2774,0.0335,-0.0226
Alex Oliveira,WW,3,-2.675799999999999,-0.35079999999999956,-0.029600000000000015,0.04150000000000001,-0.0226
Greg Hardy,HW,2,-2.0999,-0.2512000000000003,-0.1823,-0.0749,-0.0228
Tim Elliot,FLW,3,3.7691999999999997,0.2614000000000001,0.29369999999999996,0.074,-0.007700000000000002
Devonte Smith,LW,3,-1.8364999999999991,-0.4001999999999999,-0.17720000000000002,-0.0795,-0.0222
Joel Alvarez,LW,2,0.22250000000000014,1.0328,-0.3042,-0.1115,-0.0222
Rong Zhu,LW,3,0.3025000000000002,0.1828000000000003,0.08379999999999999,0.1305,0.0017999999999999995
Alejandro Perez,BW,2,-2.1590000000000007,-1.177,-0.20779999999999998,-0.0574,0.014600000000000002
Ramiz Brahimaj,WW,3,-6.950799999999999,-2.6287999999999996,0.06339999999999998,0.1175,-0.0226
Michael Gillmore,MW,2,-5.961900000000001,-1.9676999999999998,-0.2796,-0.1067,-0.0155
Kyle Daukus,MW,1,-4.3439000000000005,-2.7987,0.9243999999999999,0.49529999999999996,-0.0155
Garbiel Benitez,FW,1,10.751100000000001,6.1232,-0.2637,-0.1,-0.0191
Chas Skelly,FW,1,-2.087900000000001,-2.3368,0.1643,0.04299999999999998,0.12389999999999998
Mark Striegl,FW,1,-4.7959000000000005,-3.1918000000000006,0.021299999999999986,-0.1,-0.0191
Kyler Phillips,BW,3,0.6419999999999995,0.8220000000000001,0.23520000000000002,0.1406,-0.0023999999999999994
Fabio Cherant,LHW,3,-6.4425,-2.7036000000000007,-0.2435,-0.0851,-0.0242
Dougle Silva de Andrade,BW,2,-1.072000000000001,0.2160000000000002,-0.1948,-0.0984,0.3556
Max Grishin,LHW,2,-0.20149999999999935,0.40639999999999965,-0.1765,-0.0851,0.042800000000000005
Michae Trizano,FW,1,-0.5339000000000009,0.3351999999999995,-0.19669999999999999,-0.033,-0.0191
Danilo Marques,LHW,3,-4.4845,-2.4086000000000003,0.5774999999999999,0.1739,-0.0242
Denys Bondar,FLW,1,-5.949800000000001,-0.6785999999999999,0.4477,0.628,-0.0297
Francis Ngannou,HW,2,-3.6979000000000006,-1.5342000000000002,0.04470000000000002,0.08710000000000001,0.0422
Saimon Oliveira,BW,1,-5.113,-1.9409999999999998,-0.2908,-0.0984,-0.0264
Giga Chikadze,FW,3,2.008099999999999,0.9611999999999998,-0.2637,-0.1,0.0599
Rogerio Bontorin,FLW,3,-2.2488,-0.5695999999999999,0.030700000000000005,0.182,-0.0297
Dakota Bush,LW,2,-2.320499999999999,-1.3162000000000003,0.17479999999999996,0.0485,-0.0222
Diego Ferreira,LW,3,-0.8285,-0.44920000000000027,-0.21420000000000003,-0.1115,-0.0222
Dustin Stolzfus,MW,1,-4.6099000000000006,-3.0777,0.02839999999999998,0.20129999999999998,-0.0155
Andre Ewell,BW,3,-0.6419999999999995,-0.5060000000000002,-0.2388,-0.046400000000000004,-0.0264
Matt Sayles,LW,1,-5.6125,-2.2492,-0.16320000000000004,0.029499999999999985,-0.0222
Dustin Poirer,LW,1,-0.8955000000000002,1.1727999999999996,-0.3042,-0.1115,0.0688
Ryan Hall,FW,2,-0.9069000000000003,-1.8048000000000002,-0.010699999999999987,-0.1,-0.0191
Randy Costa,BW,1,-3.7780000000000005,-0.923,-0.18280000000000002,-0.0984,-0.0264
Jose Aldo,BW,1,-4.033,-0.8340000000000001,-0.2508,-0.0984,0.0536
Maki Pitolo,MW,2,-2.788900000000001,-1.6157,0.30439999999999995,0.1583,-0.0155
Chris Gruetzemacher,LW,2,3.3475,0.7717999999999998,-0.23420000000000002,-0.0765,-0.0222
Michael Chiesa,WW,3,-5.017799999999999,-3.0008,-0.05860000000000001,0.05150000000000002,-0.0226
Rani Yahya,BW,2,1.3119999999999994,-2.762,0.2272,0.1176,-0.0264
KyungHo Kang ,BW,1,-0.6460000000000008,-1.407,-0.2908,-0.0984,0.040600000000000004
Rafa garcia,LW,1,-2.6125,-1.7511999999999999,0.4958,0.35550000000000004,-0.0222
Sean Soriano,LW,2,-4.0745,-0.8432,-0.20920000000000002,-0.0165,-0.0222
Ben Rothwell,HW,2,6.652099999999999,4.0118,0.07870000000000002,0.05610000000000001,-0.0228
Song Yadong,BW,3,3.6289999999999996,1.548,-0.20879999999999999,-0.0984,0.0005999999999999998
Collin Anglin,FW,2,-2.507900000000001,-1.4198000000000004,-0.0877,-0.01200000000000001,-0.0191
Al Iaquinta,LW,1,2.0015,0.05379999999999985,-0.3042,-0.1115,-0.0222
Jordan Williams,WW,1,0.10620000000000118,0.1012000000000004,-0.0416,-0.0865,-0.0226
Gian Villante,HW,1,-3.1729000000000003,-0.03020000000000067,-0.1823,-0.0749,-0.0228
John Allan,LHW,1,2.9985,1.0393999999999997,-0.2435,-0.0851,-0.0242
CJ Vergara,FLW,1,3.5241999999999987,2.5944000000000003,-0.2843,-0.104,-0.0297
Elizeu Zaleski Dos Santos,WW,1,7.870200000000002,5.6192,0.024400000000000005,-0.0865,-0.0226
Shamil Gamzatov,LHW,1,9.3835,5.859399999999999,0.32549999999999996,-0.0851,-0.0242
Hu Yaozong,MW,1,-5.625900000000001,-2.3097,-0.2796,-0.1067,-0.0155
Ricky Glenn,LW,2,-2.3445,-1.6512000000000002,-0.3042,-0.1115,0.1058
Laureano Strapoli ,MW,2,-5.3959,-2.8697,0.1874,0.026300000000000004,-0.0155
Khama Worthy,LW,2,-1.6805000000000003,0.4227999999999996,-0.3042,-0.1115,-0.0222
Zviad Lazishvili,BW,1,-0.045999999999999375,-0.07399999999999984,0.10920000000000002,-0.0984,-0.0264
Gaetano Pirrello ,BW,2,-8.744,-3.2800000000000002,-0.2908,-0.0984,-0.0264
Johnny Eduardo,BW,1,-3.7520000000000007,-0.911,-0.18280000000000002,0.009599999999999997,-0.0264
Martin Sano,WW,1,1.2702000000000009,-0.31379999999999963,-0.2426,-0.0865,-0.0226
Antonio Arroyo,MW,1,-2.4949000000000003,-1.1776999999999997,-0.2796,-0.1067,-0.0155
Mike Rodriguez,LHW,2,-1.6654999999999998,-1.4796000000000005,-0.2435,-0.0851,-0.0242
Impa Kasanganay,WW,2,-3.043799999999999,-1.9587999999999997,0.5014,0.1615,-0.0226
Gustavo Lopez,BW,2,-4.2330000000000005,-1.641,0.06319999999999998,0.019599999999999992,-0.0264
David Zawada,WW,1,3.270200000000001,1.4192,-0.1096,-0.01949999999999999,-0.0226
Luigi Vendramini,LW,2,-1.554499999999999,-1.0452,0.05679999999999996,-0.008500000000000008,-0.0222
Liudvik Sholinan,BW,1,-3.713,-3.007,-0.023799999999999988,-0.0984,-0.0264
Gilbert Urbina,MW,1,2.9400999999999993,2.2043,0.5484,0.1693,-0.0155
Kevin Lee,WW,1,1.337200000000001,-0.5807999999999995,0.22440000000000002,0.11350000000000002,-0.0226
Darren Stewart,MW,3,-2.1839000000000004,-1.0926999999999998,-0.014600000000000002,0.06929999999999999,-0.0155
Austin Hubbard,LW,2,1.320500000000001,0.015799999999999592,-0.03720000000000001,0.05550000000000001,-0.0222
Austin Lingo,FLW,1,2.7241999999999997,1.2614,-0.2843,-0.104,0.0373
Domingo Pilarte,BW,1,-0.3130000000000006,-4.074,-0.2908,-0.0984,-0.0264
Roosevelt Roberts,LW,1,1.9894999999999996,-0.3972000000000002,0.4998,-0.1115,-0.0222
Sasha Palatnikkov,WW,1,-9.553799999999999,-3.9217999999999997,-0.2426,-0.0865,-0.0226
Casey Kenney,BW,2,2.154,0.7930000000000001,-0.05779999999999999,-0.0654,-0.0264
Drako Rodriguez,BW,2,-0.35100000000000087,-0.6240000000000001,-0.01479999999999998,0.06760000000000001,-0.0264
Anderson Dos Santos,BW,1,3.7319999999999993,-1.4340000000000002,0.1532,-0.0984,-0.0264
Jamey Simmons,BW,1,-5.638,-3.351,-0.2908,-0.0984,-0.0264
Kai Kamaka,FW,2,-2.0999,-0.6988000000000003,-0.13069999999999998,-0.067,0.013900000000000003
Ryan Benoit,FLW,1,0.4581999999999997,-1.1385999999999998,-0.2173,-0.104,0.0373
Ian Heinisch,MW,2,-3.251900000000001,-1.7997,0.1094,-0.0637,-0.0155
Jordan ,WW,1,1.1342000000000017,0.0932000000000004,0.09640000000000001,0.25250000000000006,-0.0226
Jeremy Stephens,LW,1,-8.5665,-4.0842,-0.3042,-0.1115,-0.0222
Rodolfo Viera,MW,2,-3.5079000000000002,-0.9146999999999998,0.4654,0.2663,-0.0155
Rodrigo Nascimento,HW,1,3.0311000000000003,3.4647999999999994,0.28070000000000006,-0.0749,-0.0228
Connor McGregor,LW,2,1.2364999999999995,0.3837999999999999,-0.2242,-0.1115,-0.0222
Carlos Condit,WW,2,2.2032000000000007,-0.9137999999999997,0.024400000000000005,-0.01949999999999999,-0.0226
Omari Akhmedov,MW,2,1.7820999999999998,-0.6356999999999999,0.3664,0.0773,-0.0155
Jerome Rivera,FLW,3,4.2462,-1.6585999999999999,0.059699999999999975,-0.104,-0.0297
Michel Prazeres,WW,1,-5.148799999999999,-3.4768,0.17639999999999997,-0.0865,-0.0226
Justin Jaynes,LW,2,-4.6575,-1.7572,-0.13520000000000001,-0.026499999999999996,-0.0222
Yancy Medeiros,LW,1,4.7204999999999995,2.7828,-0.17120000000000002,0.021500000000000005,-0.0222
Dhiego Lima,WW,2,0.5582000000000011,-0.3197999999999994,-0.02560000000000001,-0.0865,-0.0226
Aleksa Camur,LHW,1,1.3985000000000003,2.7063999999999995,-0.11049999999999999,-0.0851,-0.0242
Roque Martinez,HW,1,10.520100000000001,0.17379999999999995,-0.1823,-0.0749,-0.0228
Nate Diaz,WW,1,-1.8097999999999992,-1.2737999999999996,-0.2426,-0.0865,-0.0226
Demian Maia,WW,1,-7.062799999999999,-2.9137999999999997,1.1574,-0.01949999999999999,-0.0226
Carlos Felipe,HW,2,1.0530999999999988,1.6067999999999998,-0.1493,-0.0749,-0.0228
Walt Harris,HW,1,-0.0799000000000003,1.5168,-0.1823,-0.0749,-0.0228
Victor Rodriguez,FLW,1,-6.6088000000000005,-3.6056,-0.2843,-0.104,-0.0297
Beneil Dariush,LW,2,-1.2795000000000005,-1.2511999999999999,0.39579999999999993,0.15550000000000003,-0.0222
Jacare Souza,MW,1,-4.3889000000000005,-1.2407,0.2224,0.14429999999999998,-0.0155
Kevin Aguilar,FW,1,2.0000999999999998,1.0682,-0.13069999999999998,-0.1,-0.0191
Maurice Green,HW,1,-5.2799000000000005,-3.7602,-0.1823,-0.0749,-0.0228
Gregor Gillespie,LW,1,-3.3054999999999994,0.4847999999999999,0.5078,0.29450000000000004,-0.0222
Christian Aguilera,WW,1,-5.4967999999999995,-3.9647999999999994,0.10639999999999997,-0.0865,-0.0226
KB Bhullar,MW,1,-1.3628999999999998,0.6642999999999999,-0.2796,-0.1067,-0.0155
Luke Sanders,FW,1,3.9330999999999996,3.5351999999999997,0.06930000000000003,0.033,0.047900000000000005
Chris Weidman,MW,1,-3.1039000000000003,-0.4737,-0.2796,-0.1067,-0.0155
Stefan Sekulic,WW,1,-6.796799999999999,-2.1137999999999995,0.22440000000000002,0.11350000000000002,-0.0226
Luis Pena,LW,1,2.5875000000000004,1.9158,-0.3042,-0.1115,-0.0222
Alexander Munoz,LW,1,1.0545000000000009,1.2488000000000001,0.29579999999999995,0.15550000000000003,-0.0222
Juan Espino,HW,1,-5.0269,-3.0102,0.26870000000000005,0.2861,-0.0228
Bartosz Fabinski,MW,1,1.3370999999999995,-1.0027,0.22039999999999998,0.3933,-0.0155
Anthony Birchak,BW,1,-1.859,-1.512,-0.1378,-0.0984,-0.0264
Mike Perry,WW,1,-1.5968,-0.24679999999999946,0.024400000000000005,0.046500000000000014,-0.0226
Yorgan De Castro,HW,1,-5.1349,-3.4342000000000006,-0.1823,-0.0749,-0.0228
Jarjis Danho,HW,1,-6.123900000000001,-0.7962000000000002,0.14770000000000003,-0.0749,0.30720000000000003
Hunter Azure,BW,1,-2.846,-1.274,0.10920000000000002,-0.0984,-0.0264
Jordan Griffin,FW,1,-5.9339,-2.1318,0.20330000000000004,0.167,-0.0191
Sasha Palatnikov,WW,1,-2.8157999999999994,-1.9207999999999998,-0.2426,-0.0865,-0.0226
Stipe Miocic,HW,1,-7.8639,-2.0482000000000005,-0.012299999999999978,-0.0749,-0.0228
Tyrone Woodley,WW,1,0.20220000000000127,0.2622,0.011399999999999993,-0.0865,-0.0226
Thomas Almeida,BW,1,-5.793,-2.471,-0.1468,-0.026400000000000007,-0.0264
Abu Azaitar,MW,1,7.315100000000001,3.2293000000000003,-0.0786,-0.1067,-0.0155
Jesse Strader,BW,1,1.7989999999999995,2.8449999999999998,-0.2908,-0.0984,-0.0264
Gavin Tucker,FW,1,-8.3399,-1.6048000000000004,-0.2637,-0.1,-0.0191
Ray Rodriguez,BW,1,-6.619000000000001,-3.906,-0.2908,-0.0984,-0.0264
Joseph Benavidez,FLW,1,-0.9418000000000006,-0.5385999999999997,-0.2843,-0.104,-0.0297
Jordan Espinosa,FLW,1,-7.2758,-2.7386,-0.2843,-0.104,-0.0297
Aalon Cruz,LW,1,-8.612499999999999,-4.0842,0.8957999999999999,-0.1115,-0.0222
Jimmie Rivera,BW,1,1.9540000000000006,0.05900000000000016,0.042200000000000015,-0.0314,-0.0264
Vince Cachero,BW,1,-6.559,-3.0869999999999997,-0.1328,-0.0984,-0.0264
Charles Rose,FLW,1,-6.2088,-2.6056,-0.2173,-0.104,-0.0297
Alistair Overeem,HW,1,-7.2629,-2.6852000000000005,-0.0413,-0.0749,-0.0228
Martin Day,FW,1,-7.9999,-3.7988000000000004,-0.2637,-0.1,-0.0191
Andrew Sanchez,MW,1,0.9280999999999988,-0.30569999999999986,-0.12560000000000002,-0.1067,-0.0155
Antonio Carlos,MW,1,-1.1629000000000005,-1.7357,0.5204,-0.0397,-0.0155
Nik Lentz,FW,1,-1.9339000000000013,-1.2648000000000001,0.06930000000000003,-0.033,-0.0191
Vinicius Moreira,LHW,1,-2.2344999999999997,0.15439999999999987,-0.2435,-0.0851,-0.0242
Tom Breese,MW,1,-8.366900000000001,-3.8527,-0.12960000000000002,-0.1067,-0.0155
Markus Perez,MW,1,-5.1629000000000005,-2.3357,-0.2126,-0.1067,-0.0155
Matt Brown ,WW,1,-7.262799999999999,-2.4467999999999996,0.1574,-0.01949999999999999,-0.0226
david Zawada,WW,1,1.9372000000000007,-1.3807999999999998,-0.1756,-0.01949999999999999,-0.0226
Jacob Kilburn,FW,1,3.3331,-0.06479999999999997,0.9362999999999999,-0.033,-0.0191
