Name,Weight Class,Total Fights,Total Strikes Thrown,Total Sig Strikes,Total Time Elapsed,Total Takedown Attempt,Total Takedown Landed,Total Knockdowns,Wins,Decision Wins,Losses,Decision Losses,Strikes Thrown Per Minute,Sig Strikes Per Minute,TDA/Min,TDL/Min,KD/Min,KO/TKO Wins,KO/TKO Losses,Submission Losses,Submission Wins
Max Holloway,FW,4,1779,949,6000,9,3,0,3,3,1,1,17.79,9.49,0.09,0.03,0.0,,,,
Arnold Allen,FW,4,449,174,2861,5,2,1,3,1,1,1,9.4162880111849,3.64907375043691,0.10485844110450891,0.04194337644180356,0.02097168822090178,2,,,
Edson Barboza,FW,4,365,168,2377,0,0,2,2,0,2,1,9.213294068153134,4.2406394615061,0.0,0.0,0.05048380311316786,2,1,,
Billy Quarantillo,FW,4,879,370,2387,27,5,1,2,0,2,1,22.094679514034354,9.300377042312526,0.6786761625471303,0.12568077084206117,0.025136154168412233,2,1,,
Dustin Jacoby,LHW,8,1405,618,5777,15,3,1,5,3,3,2,14.592348970053662,6.418556344123247,0.15579020252726328,0.031158040505452657,0.010386013501817552,2,,,
Azamat Murzakanov,LHW,3,327,174,2222,11,2,3,3,1,0,,8.829882988298829,4.698469846984699,0.297029702970297,0.054005400540054004,0.081008100810081,2,,,
Tanner Boser,HW,4,461,145,2376,0,0,1,1,0,3,2,11.641414141414142,3.6616161616161618,0.0,0.0,0.025252525252525252,1,1,,
Ion Cutelaba,LHW,6,468,179,2646,44,24,1,2,1,4,,10.612244897959183,4.058956916099773,0.9977324263038548,0.54421768707483,0.022675736961451247,1,1,2,
Pedro Munhoz,BW,5,777,329,4089,2,0,2,2,2,3,2,11.4013206162876,4.827586206896552,0.029347028613352897,0.0,0.029347028613352897,,,,
Chris Gutierrez,BW,5,532,293,3275,4,1,3,4,2,1,1,9.746564885496182,5.36793893129771,0.0732824427480916,0.0183206106870229,0.0549618320610687,2,,,
Clay Guida,LW,6,879,271,4162,33,9,0,3,2,3,2,12.671792407496396,3.9067755886592983,0.4757328207592504,0.12974531475252282,0.0,,,1,1
Rafa Garcia,LW,6,1049,383,5090,42,17,0,3,2,3,3,12.365422396856582,4.514734774066798,0.4950884086444008,0.20039292730844793,0.0,,,,1
Bill Algeo,FW,5,836,308,3510,8,4,1,3,1,2,2,14.290598290598291,5.264957264957265,0.13675213675213677,0.06837606837606838,0.017094017094017096,1,,,1
TJ Brown,FW,5,712,252,3921,23,12,0,3,2,2,1,10.895179801071155,3.856159143075746,0.3519510328997705,0.18362662586074982,0.0,,,1,1
Brandon Royval,FLW,4,314,84,1569,1,1,1,3,1,1,,12.007648183556405,3.2122370936902485,0.03824091778202677,0.03824091778202677,0.03824091778202677,1,,1,1
Matheus Nicolau,FLW,5,457,189,3233,13,4,3,4,3,1,,8.481286730590783,3.5075781008351377,0.24126198577172905,0.07423445716053201,0.05567584287039901,1,1,,
Zak Cummings,LHW,1,189,100,853,0,0,3,1,0,0,,13.294255568581477,7.033997655334115,0.0,0.0,0.21101992966002345,1,,,
Ed Herman,LHW,2,268,95,1753,1,0,0,0,0,2,1,9.172846548773531,3.25156873930405,0.034227039361095266,0.0,0.0,,1,,
Lando Vannata,FW,3,278,139,1952,5,2,0,1,1,2,1,8.545081967213115,4.272540983606557,0.15368852459016394,0.06147540983606557,0.0,,,1,
Daniel Zellhuber,LW,2,403,130,1800,1,0,1,1,1,1,1,13.433333333333334,4.333333333333333,0.03333333333333333,0.0,0.03333333333333333,,,,
Aaron Phillips,BW,1,104,17,900,4,1,0,0,0,1,1,6.933333333333334,1.1333333333333333,0.26666666666666666,0.06666666666666667,0.0,,,,
Gaston Bolanos,BW,1,135,63,900,0,0,0,1,1,0,,9.0,4.2,0.0,0.0,0.0,,,,
Alex Pereira,MW,5,611,284,3256,1,1,2,4,1,1,,11.25921375921376,5.233415233415234,0.018427518427518427,0.018427518427518427,0.036855036855036855,3,1,,
Israel Adesanya,LHW,6,1160,496,7882,4,1,2,4,3,2,1,8.83024613042375,3.775691448870845,0.030449124587668106,0.0076122811469170265,0.015224562293834053,1,1,,
Gilbert Burns,WW,4,397,121,2689,16,8,0,3,2,1,,8.858311640014875,2.6998884343622165,0.3570100409074005,0.17850502045370026,0.0,,1,,1
Jorge Masvidal,WW,3,375,137,2762,0,0,0,0,0,3,2,8.146270818247647,2.9761042722664737,0.0,0.0,0.0,,1,,
Rob Font,BW,4,1319,629,4677,11,4,1,2,1,2,2,16.921103271327773,8.069275176395125,0.14111610006414368,0.05131494547787043,0.012828736369467608,1,,,
Adrian Yanez,BW,5,664,265,2364,0,0,4,4,1,1,,16.85279187817259,6.725888324873097,0.0,0.0,0.10152284263959391,3,1,,
Kevin Holland,MW,8,1076,347,6078,8,3,2,3,0,5,2,10.621915103652517,3.425468904244817,0.07897334649555775,0.029615004935834157,0.019743336623889437,2,1,1,1
Santiago Ponzinibbio,WW,6,998,438,3850,11,2,1,2,1,4,2,15.553246753246754,6.825974025974026,0.17142857142857143,0.03116883116883117,0.015584415584415584,1,2,,
Raul Rosas,BW,2,33,5,1064,19,5,0,1,0,1,1,1.8609022556390977,0.2819548872180451,1.0714285714285714,0.2819548872180451,0.0,,,,1
Christian Rodriguez,FW,3,222,64,2047,5,3,0,2,1,1,1,6.507083536883243,1.8759159745969711,0.14655593551538837,0.08793356130923302,0.0,,,,1
Chris Curtis,MW,6,754,340,3854,0,0,3,4,1,2,2,11.738453554748313,5.293201868188895,0.0,0.0,0.0467047223663726,3,,,
Kelvin Gastelum,MW,4,774,272,4800,22,15,0,2,2,2,2,9.675,3.4,0.275,0.1875,0.0,,,,
Gerald Meerschaert,MW,6,367,144,3101,21,6,1,4,0,2,1,7.100935182199291,2.786198000644953,0.40632054176072235,0.11609158336020639,0.019348597226701063,,1,,4
Joe Pyfer,MW,2,69,28,430,0,0,1,2,0,0,,9.627906976744185,3.9069767441860463,0.0,0.0,0.13953488372093023,2,,,
Ignacio Bahamondes,LW,4,982,442,3395,4,0,1,3,1,1,1,17.354933726067745,7.811487481590574,0.07069219440353461,0.0,0.017673048600883652,1,,,1
Trey Ogden,LW,3,460,154,2700,14,2,0,1,1,2,2,10.222222222222221,3.422222222222222,0.3111111111111111,0.044444444444444446,0.0,,,,
Shayilan Nuerdanbieke,FW,5,495,118,3103,30,10,3,3,2,2,1,9.57138253303255,2.281662906864325,0.5800837898807606,0.19336126329358685,0.05800837898807606,1,1,,
Steve Garcia,LW,4,231,87,913,5,3,4,3,0,1,,15.180722891566266,5.717415115005476,0.32858707557502737,0.19715224534501644,0.2628696604600219,3,1,,
Marlon Vera,BW,5,987,471,5767,3,2,7,4,2,1,1,10.2687705912953,4.900294780648517,0.031212068666551067,0.02080804577770071,0.07282816022195249,2,,,
Cory Sandhagen,BW,5,1422,521,5728,33,5,1,3,1,2,2,14.895251396648044,5.457402234636872,0.34567039106145253,0.052374301675977654,0.01047486033519553,2,,,
Nate Landwehr,FW,3,427,164,1507,6,4,0,2,1,1,,17.000663570006637,6.529528865295289,0.23888520238885202,0.15925680159256803,0.0,,1,,1
Austin Lingo ,FW,2,345,143,1451,2,1,1,0,0,2,1,14.266023432115782,5.9131633356306,0.08270158511371468,0.04135079255685734,0.04135079255685734,,,1,
Chidi Njokuani,MW,4,208,109,1591,0,0,2,2,0,2,1,7.844123192960402,4.1106222501571335,0.0,0.0,0.0754242614707731,2,1,,
Albert Duraev,MW,3,484,126,2400,21,5,0,2,2,1,,12.1,3.15,0.525,0.125,0.0,,1,,
Daniel Pineda,FW,2,128,39,816,9,1,1,1,0,1,,9.411764705882353,2.8676470588235294,0.6617647058823529,0.07352941176470588,0.07352941176470588,,,,1
Tucker Lutz,FW,3,331,144,2270,9,4,0,1,1,2,1,8.748898678414097,3.806167400881057,0.23788546255506607,0.10572687224669604,0.0,,,1,
Steven Peterson,FW,3,502,223,2700,7,1,0,1,1,2,2,11.155555555555555,4.955555555555556,0.15555555555555556,0.022222222222222223,0.0,,,,
Lucas Alexander,FW,2,161,86,1022,0,0,1,1,1,1,,9.452054794520548,5.048923679060666,0.0,0.0,0.05870841487279843,,,1,
Trevin Giles,MW,5,315,125,3347,12,4,0,3,3,2,,5.646847923513595,2.24081266806095,0.2151180161338512,0.0717060053779504,0.0,,2,,
Preston Parsons,WW,3,334,140,2027,21,7,0,1,1,2,1,9.886531820424272,4.144055254070055,0.6216082881105082,0.2072027627035027,0.0,,1,,
CJ Vegara,FLW,3,425,173,2003,0,0,0,2,1,1,,12.7309036445332,5.182226660009985,0.0,0.0,0.0,1,,1,
Daniel Lacerda,FLW,4,215,94,1167,5,2,3,0,0,4,,11.053984575835475,4.832904884318766,0.2570694087403599,0.10282776349614396,0.15424164524421594,,3,1,
Victor Altamirano,FLW,3,446,199,2019,26,4,1,2,1,1,1,13.254086181277861,5.913818722139673,0.7726597325408618,0.1188707280832095,0.029717682020802376,1,,,
Vinicius Salvador,FLW,1,168,47,900,6,1,0,0,0,1,1,11.2,3.1333333333333333,0.4,0.06666666666666667,0.0,,,,
Leon Edwards,WW,4,428,271,4762,12,5,1,3,2,1,,5.392692146157077,3.4145317093658125,0.1511969760604788,0.06299874002519949,0.0125997480050399,1,,,
Kamaru Usman,WW,5,1018,397,5440,30,12,5,3,1,2,1,11.227941176470589,4.3786764705882355,0.33088235294117646,0.1323529411764706,0.05514705882352941,2,1,,
Justin Gaethje,LW,3,412,240,2002,3,1,2,2,2,1,,12.347652347652348,7.192807192807193,0.0899100899100899,0.029970029970029972,0.059940059940059943,,,1,
Rafael Fiziev,LW,4,707,331,3758,1,0,1,3,1,1,1,11.287919105907397,5.284725918041511,0.015965939329430547,0.0,0.015965939329430547,2,,,
Gunnar Nelson,WW,2,187,54,1191,5,4,0,2,1,0,,9.42065491183879,2.720403022670025,0.2518891687657431,0.20151133501259447,0.0,,,,1
Bryan Barbarena,WW,5,1050,423,3878,1,0,0,3,2,2,1,16.24548736462094,6.544610624033007,0.015471892728210418,0.0,0.0,1,,1,
Marvin Vettori,MW,5,1173,411,6300,37,16,0,3,3,2,2,11.17142857142857,3.914285714285714,0.3523809523809524,0.1523809523809524,0.0,,,,
Roman Dolidze ,MW,4,432,146,2595,4,1,1,2,0,2,2,9.988439306358382,3.3757225433526012,0.09248554913294797,0.023121387283236993,0.023121387283236993,,,,2
Jack Shore,BW,5,496,245,3775,32,12,2,4,3,1,,7.8834437086092715,3.8940397350993377,0.5086092715231788,0.19072847682119207,0.031788079470198675,,,1,1
Makwan Amirkhani,FW,5,124,45,2388,26,14,0,1,0,4,1,3.1155778894472363,1.1306532663316582,0.6532663316582915,0.35175879396984927,0.0,,2,1,1
Chris Duncan ,LW,1,92,53,900,14,5,0,1,1,0,,6.133333333333334,3.533333333333333,0.9333333333333333,0.3333333333333333,0.0,,,,
Omar Morales,FW,4,363,161,2796,2,2,0,1,1,3,1,7.789699570815451,3.4549356223175964,0.04291845493562232,0.04291845493562232,0.0,,1,1,
Sam Patterson,LW,1,7,2,75,0,0,0,0,0,1,,5.6,1.6,0.0,0.0,0.0,,1,,
Yanal Ashmoz,LW,1,20,15,75,1,1,0,1,0,0,,16.0,12.0,0.8,0.8,0.0,1,,,
Muhammad Mokaev,FLW,4,293,51,2696,41,22,1,4,1,0,,6.5207715133531154,1.1350148367952522,0.9124629080118695,0.4896142433234421,0.02225519287833828,,,,3
Jafael Filho ,FLW,1,87,9,872,0,0,0,0,0,1,,5.986238532110092,0.6192660550458715,0.0,0.0,0.0,,,1,
Lerone Murphy,FW,3,322,145,2114,6,2,1,3,2,0,,9.139072847682119,4.115421002838222,0.17029328287606432,0.05676442762535478,0.02838221381267739,1,,,
Gabriel Santos,FW,1,141,69,900,11,5,0,0,0,1,1,9.4,4.6,0.7333333333333333,0.3333333333333333,0.0,,,,
Chris Duncan,MW,1,19,9,112,0,0,0,1,0,0,,10.178571428571429,4.821428571428571,0.0,0.0,0.0,1,,,
Dusko Todorovic,MW,6,434,159,2354,16,3,0,2,1,4,1,11.062022090059473,4.0526762956669495,0.4078164825828377,0.07646559048428207,0.0,1,3,,
Jake Hadley,FLW,2,71,18,961,0,0,1,1,0,1,1,4.432882414151925,1.1238293444328824,0.0,0.0,0.062434963579604576,1,,,
Malcom Gordon,FLW,4,237,69,1909,13,4,0,2,1,2,,7.448926139339968,2.1686746987951806,0.40859088528025145,0.12572027239392353,0.0,1,1,1,
Jai Herbert,LW,5,463,132,2908,4,1,2,2,1,3,,9.552957359009628,2.723521320495186,0.08253094910591471,0.02063273727647868,0.04126547455295736,1,1,1,
Ludovit Klein,FW,4,452,202,3600,13,6,1,2,2,2,1,7.533333333333333,3.3666666666666667,0.21666666666666667,0.1,0.016666666666666666,,,,
Petr Yan,BW,5,917,431,6569,27,14,2,1,1,4,3,8.375704064545593,3.9366722484396406,0.2466128786725529,0.1278733444968793,0.018267620642411327,,,,
Merab Dvalishvili,BW,4,1244,344,3865,64,20,0,4,3,0,,19.3117723156533,5.3402328589909445,0.9935316946959897,0.31047865459249674,0.0,1,,,
Alexander Volkov,HW,5,336,175,1819,0,0,1,3,1,2,,11.08301264431006,5.77240241891149,0.0,0.0,0.032985156679494226,2,1,1,
Alexander Romanov,HW,5,358,136,2415,25,12,0,3,1,2,1,8.894409937888199,3.37888198757764,0.6211180124223602,0.2981366459627329,0.0,1,1,,1
Nikita Krylov,LHW,5,498,156,2322,29,11,2,2,0,3,2,12.868217054263566,4.0310077519379846,0.7493540051679587,0.2842377260981912,0.05167958656330749,1,,1,1
Ryan Spann,LHW,5,89,40,738,4,1,2,2,0,3,,7.235772357723577,3.252032520325203,0.3252032520325203,0.08130081300813008,0.16260162601626016,1,1,2,1
Said Nurmagomedov,BW,4,331,103,2377,17,4,0,3,1,1,1,8.35506941522928,2.599915860328145,0.4291123264619268,0.10096760622633572,0.0,,,,2
Jonathan Martinez,BW,6,762,383,4642,4,2,3,5,4,1,,9.84920292977165,4.9504523912106855,0.05170185264971995,0.025850926324859975,0.03877638948728996,1,1,,
Mario Bautista,BW,5,332,146,1886,13,10,0,4,1,1,,10.56203605514316,4.644750795334041,0.4135737009544008,0.3181336161187699,0.0,,1,,3
Guido Cannetti,BW,4,173,104,1289,2,2,0,2,0,2,1,8.052754072924747,4.840961986035687,0.09309542280837858,0.09309542280837858,0.0,1,,1,1
Vito Petrino,LHW,1,104,39,900,9,7,0,1,1,0,,6.933333333333334,2.6,0.6,0.4666666666666667,0.0,,,,
Anton Turkalj,LHW,2,88,34,1167,15,5,0,0,0,2,1,4.5244215938303345,1.7480719794344473,0.7712082262210797,0.2570694087403599,0.0,,,1,
Karl Williams,HW,1,168,38,900,13,8,1,1,1,0,,11.2,2.533333333333333,0.8666666666666667,0.5333333333333333,0.06666666666666667,,,,
Lukasz Brzeski,HW,2,329,144,1800,1,0,0,0,0,2,2,10.966666666666667,4.8,0.03333333333333333,0.0,0.0,,,,
Raphael Assuncao ,BW,3,223,109,2217,17,7,0,1,1,2,,6.035182679296346,2.9499323410013534,0.46008119079837617,0.18944519621109607,0.0,,1,1,
Davey Grant,BW,5,919,375,3815,5,1,3,3,0,2,2,14.453473132372215,5.897771952817824,0.07863695937090433,0.015727391874180863,0.047182175622542594,2,,,1
Sedriques Dumas,MW,1,47,20,480,1,0,0,0,0,1,,5.875,2.5,0.125,0.0,0.0,,,1,
Josh Fremd,MW,2,145,64,1380,3,3,0,1,0,1,1,6.304347826086956,2.782608695652174,0.13043478260869565,0.13043478260869565,0.0,,,,1
Victor Henry,BW,3,812,390,2700,2,0,0,2,2,1,1,18.044444444444444,8.666666666666666,0.044444444444444446,0.0,0.0,,,,
Tony Gravely,BW,6,618,234,3589,57,21,3,3,1,3,2,10.331568682084146,3.9119531903037057,0.9529116745611591,0.35107272220674285,0.05015324602953469,2,1,,
Tyson Nam,FLW,3,256,83,1462,0,0,1,1,0,2,1,10.506155950752394,3.406292749658003,0.0,0.0,0.04103967168262654,1,,1,
Bruno Silva,FLW,7,474,192,2891,13,3,6,5,0,2,1,9.837426496022138,3.9847803528190937,0.2698028363887928,0.06226219301279834,0.12452438602559668,4,,1,1
Carlston Harris,WW,4,293,102,1480,16,5,1,3,1,1,,11.878378378378379,4.135135135135135,0.6486486486486487,0.20270270270270271,0.04054054054054054,1,1,,1
Jared Gooden,WW,4,518,189,2768,1,1,1,2,1,2,2,11.228323699421965,4.0968208092485545,0.02167630057803468,0.02167630057803468,0.02167630057803468,1,,,
Jon Jones,HW,1,14,5,124,2,2,0,1,0,0,,6.774193548387097,2.4193548387096775,0.967741935483871,0.967741935483871,0.0,,,,1
Ciryl Gane,HW,6,881,514,6338,23,3,1,4,2,2,1,8.340170400757337,4.865888292836857,0.21773430104133795,0.028400126222783213,0.009466708740927737,2,,1,
Geoff Neal,WW,4,598,310,2718,5,2,2,2,1,2,1,13.200883002207506,6.843267108167771,0.11037527593818984,0.04415011037527594,0.04415011037527594,1,,1,
Shavkat Rakhmonov,WW,4,304,166,2135,10,4,1,4,0,0,,8.543325526932085,4.665105386416862,0.2810304449648712,0.11241217798594848,0.02810304449648712,1,,,3
Mateusz Gamrot,LW,6,494,208,4253,66,21,1,5,2,1,1,6.969198213026099,2.9343992475899365,0.9311074535621914,0.2962614624970609,0.014107688690336233,2,,,1
Jalin Turner,LW,4,304,120,1532,3,2,1,3,0,1,1,11.906005221932116,4.699738903394256,0.1174934725848564,0.0783289817232376,0.0391644908616188,1,,,2
Bo Nickal,MW,1,6,1,174,4,1,0,1,0,0,,2.0689655172413794,0.3448275862068966,1.3793103448275863,0.3448275862068966,0.0,,,,1
Jamie Pickett,MW,6,364,167,2929,12,4,0,2,2,4,,7.456469784909525,3.420962785933766,0.24581768521679753,0.08193922840559918,0.0,,2,2,
Cody Garbrandt,BW,3,216,98,2601,14,5,0,1,1,2,1,4.982698961937716,2.260668973471742,0.3229527104959631,0.11534025374855825,0.0,,1,,
Trevin Jones,BW,5,474,128,3926,18,2,1,1,0,4,3,7.244014263881813,1.95618950585838,0.2750891492613347,0.030565461029037188,0.015282730514518594,1,,1,
Derek Brunson,MW,4,661,164,3401,33,13,1,2,1,2,,11.661276095266098,2.8932666862687446,0.5821817112613937,0.22934431049691267,0.017641870038224053,,2,,1
Dricus Du Plessis,MW,4,600,295,2663,19,9,2,4,1,0,,13.518588058580548,6.646639128802103,0.4280886218550507,0.20277882087870822,0.045061960195268494,2,,,1
Julian Marquez,MW,4,444,197,2034,2,0,1,2,0,2,,13.097345132743364,5.811209439528024,0.058997050147492625,0.0,0.029498525073746312,,2,,2
Marc Barriault,MW,6,969,408,3233,1,0,1,4,1,2,,17.98329724713888,7.571914630374265,0.018558614290133002,0.0,0.018558614290133002,2,1,1,1
Ian Garry,WW,4,620,335,2961,2,1,3,4,2,0,,12.563323201621074,6.788247213779129,0.040526849037487336,0.020263424518743668,0.060790273556231005,2,,,
Song Kenan,WW,2,144,69,1002,3,2,1,0,0,2,,8.622754491017965,4.131736526946108,0.17964071856287425,0.11976047904191617,0.059880239520958084,,2,,
Mana Martinez,BW,4,647,265,3600,7,3,4,2,2,2,2,10.783333333333333,4.416666666666667,0.11666666666666667,0.05,0.06666666666666667,,,,
Cory Saaiman,BW,2,421,170,1753,1,1,1,2,1,0,,14.409583571021107,5.818596691386195,0.034227039361095266,0.034227039361095266,0.034227039361095266,1,,,
Damon Blackshear,BW,2,255,73,1800,11,2,0,0,0,2,1,8.5,2.433333333333333,0.36666666666666664,0.06666666666666667,0.0,,,,
Farid Basharat,BW,1,115,58,900,6,3,0,1,1,0,,7.666666666666667,3.8666666666666667,0.4,0.2,0.0,,,,
Esteban Ribovics ,LW,1,162,66,900,1,0,1,0,0,1,1,10.8,4.4,0.06666666666666667,0.0,0.06666666666666667,,,,
Loik Radzhabov,LW,1,117,40,900,21,11,0,1,1,0,,7.8,2.6666666666666665,1.4,0.7333333333333333,0.0,,,,
Andre Muniz,MW,4,345,75,2197,21,8,0,3,1,1,,9.421939007737825,2.048247610377788,0.5735093309057806,0.21847974510696405,0.0,,,1,2
Brendan Allen,MW,7,626,272,4065,11,6,1,6,2,1,,9.239852398523984,4.014760147601476,0.16236162361623616,0.08856088560885608,0.014760147601476014,,1,,4
Augusto Sakai,HW,4,265,85,2047,3,1,0,1,1,3,,7.767464582315584,2.4914509037616024,0.08793356130923302,0.029311187103077674,0.0,,3,,
Don'Tale Mayes,HW,3,391,101,2606,9,6,0,1,0,2,1,9.002302379125096,2.3254029163468917,0.20721412125863392,0.13814274750575595,0.0,1,,,
Mike Malott,WW,2,73,37,476,1,1,1,2,0,0,,9.201680672268907,4.663865546218488,0.12605042016806722,0.12605042016806722,0.12605042016806722,1,,,1
Yohann Lainesse,WW,3,152,65,1697,7,2,1,1,1,2,,5.374189746611668,2.2981732469063054,0.24749558043606365,0.07071302298173247,0.03535651149086624,,1,1,
Erick Gonzalez,LW,2,53,16,436,7,4,0,0,0,2,,7.293577981651376,2.2018348623853212,0.963302752293578,0.5504587155963303,0.0,,1,1,
Trevor Peek,LW,1,86,51,299,1,0,2,1,0,0,,17.25752508361204,10.234113712374581,0.20066889632107024,0.0,0.4013377926421405,1,,,
Jordan Leavitt,LW,5,506,132,2838,27,6,1,3,1,2,1,10.69767441860465,2.7906976744186047,0.5708245243128964,0.12684989429175475,0.021141649048625793,1,,1,1
Victor Martinez,LW,1,31,7,147,0,0,0,0,0,1,,12.653061224489797,2.857142857142857,0.0,0.0,0.0,,1,,
Ode Osbourne,FW,6,465,172,2350,17,4,2,4,2,2,,11.872340425531915,4.391489361702128,0.4340425531914894,0.10212765957446808,0.05106382978723404,2,2,,
Charles Johnson,FLW,4,545,221,2973,7,1,0,2,1,2,2,10.99899091826438,4.460141271442986,0.14127144298688193,0.020181634712411706,0.0,1,,,
Joe Solecki ,LW,4,459,92,3295,18,8,0,3,2,1,1,8.358118361153263,1.6752655538694992,0.3277693474962064,0.1456752655538695,0.0,,,,1
Carl Deaton,LW,1,29,1,595,0,0,0,0,0,1,,2.9243697478991595,0.10084033613445378,0.0,0.0,0.0,,,1,
Rafael Alves,LW,4,196,79,2598,4,1,1,2,1,2,1,4.5265588914549655,1.8244803695150116,0.09237875288683603,0.023094688221709007,0.023094688221709007,,1,,1
Nurullo Aliev,LW,1,140,19,900,4,3,0,0,0,1,1,9.333333333333334,1.2666666666666666,0.26666666666666666,0.2,0.0,,,,
Jordan Wright ,MW,2,278,41,1056,5,2,0,0,0,2,1,15.795454545454545,2.3295454545454546,0.2840909090909091,0.11363636363636363,0.0,,,1,
Zach Pauga ,LHW,1,114,59,900,6,0,0,1,1,0,,7.6,3.933333333333333,0.4,0.0,0.0,,,,
Josh Parisian,HW,4,512,168,3090,15,5,0,2,1,2,1,9.941747572815533,3.262135922330097,0.2912621359223301,0.0970873786407767,0.0,1,1,,
Jamal Pogues,HW,1,79,33,900,11,5,0,1,1,0,,5.266666666666667,2.2,0.7333333333333333,0.3333333333333333,0.0,,,,
William Knight,LHW,6,384,136,4639,20,5,2,2,1,4,3,4.9665876266436735,1.758999784436301,0.2586764388876913,0.06466910972192283,0.02586764388876913,1,1,,
Marcin Prachnio,LHW,4,616,314,3056,3,0,1,3,2,1,1,12.094240837696335,6.164921465968586,0.058900523560209424,0.0,0.01963350785340314,1,,,
Jim Miller,LW,4,403,150,2610,2,1,1,2,0,2,2,9.264367816091953,3.4482758620689653,0.04597701149425287,0.022988505747126436,0.022988505747126436,1,,,1
Alexander Hernandez,LW,5,664,263,2833,10,2,1,3,1,2,1,14.062830921284856,5.570067066713731,0.21178962230850687,0.04235792446170138,0.02117896223085069,1,1,,1
Nazim Sadykhov,LW,1,141,64,638,1,1,0,1,0,0,,13.260188087774294,6.018808777429467,0.09404388714733543,0.09404388714733543,0.0,1,,,
Evan Elder,WW,2,225,97,1538,8,1,1,0,0,2,1,8.777633289986996,3.7841352405721715,0.31209362808842656,0.03901170351105332,0.03901170351105332,,1,,
Jamall Emmers,FW,2,187,72,1013,3,1,0,1,1,1,,11.076011846001974,4.264560710760119,0.17769002961500494,0.059230009871668314,0.0,,,1,
Khusein Askhabov ,FW,1,127,30,900,6,0,0,0,0,1,1,8.466666666666667,2.0,0.4,0.0,0.0,,,,
Ovince St. Preux,LHW,1,3,1,49,0,0,0,0,0,1,,3.673469387755102,1.2244897959183674,0.0,0.0,0.0,,1,,
Philipe Lins,LHW,1,44,18,49,0,0,1,1,0,0,,53.87755102040816,22.040816326530614,0.0,0.0,1.2244897959183674,1,,,
AJ Fletcher,WW,3,360,128,2197,10,4,0,1,0,2,2,9.831588529813382,3.495675921711425,0.27309968138370505,0.10923987255348203,0.0,,,,1
Themba Gorimbo,WW,1,26,6,397,2,2,0,0,0,1,,3.929471032745592,0.906801007556675,0.3022670025188917,0.3022670025188917,0.0,,,1,
Clayton Carpenter ,FLW,1,5,3,193,0,0,0,1,0,0,,1.5544041450777202,0.9326424870466321,0.0,0.0,0.0,,,,1
Juancamilo Ronderos ,FLW,2,89,12,331,3,1,0,0,0,2,,16.132930513595166,2.175226586102719,0.5438066465256798,0.18126888217522658,0.0,,,2,
Islam Makhachev,LW,6,599,179,3499,25,14,1,6,1,0,,10.271506144612747,3.0694484138325238,0.42869391254644185,0.24006859102600744,0.017147756501857674,1,,,4
Alexander Volkanovski,HW,2,496,185,3000,4,0,1,0,0,2,2,9.92,3.7,0.08,0.0,0.02,,,,
Yair Rodriguez,FW,3,602,244,2310,5,1,0,2,0,1,1,15.636363636363637,6.337662337662338,0.12987012987012986,0.025974025974025976,0.0,1,,,1
Josh Emmet,FW,3,571,189,2959,8,1,1,2,2,1,,11.578235890503548,3.8323758026360255,0.1622169651909429,0.02027712064886786,0.02027712064886786,,,1,
Jack Maddalena,WW,4,220,108,668,0,0,5,4,0,0,,19.760479041916167,9.70059880239521,0.0,0.0,0.4491017964071856,3,,,1
Randy Brown,WW,5,651,295,3003,6,0,2,4,3,1,,13.006993006993007,5.894105894105894,0.11988011988011989,0.0,0.03996003996003996,,,1,1
Justin Tafa,HW,4,344,173,1979,2,0,2,2,0,2,2,10.429509853461344,5.245073269327944,0.0606366851945427,0.0,0.0606366851945427,2,,,
Parker Porter,HW,4,460,199,2141,16,3,0,2,2,2,,12.891172349369453,5.57683325548809,0.4483886034563288,0.08407286314806166,0.0,,1,1,
Jimmy Crute,LHW,3,172,55,1248,16,9,0,0,0,3,,8.26923076923077,2.644230769230769,0.7692307692307693,0.4326923076923077,0.0,,2,,
Alonzo Menifield,LHW,6,446,223,3139,7,4,3,4,1,2,1,8.525007964319848,4.262503982159924,0.133800573431029,0.07645747053201657,0.05734310289901243,2,,,1
Tyson Pedro,LHW,3,130,73,1260,3,2,2,2,0,1,1,6.190476190476191,3.4761904761904763,0.14285714285714285,0.09523809523809523,0.09523809523809523,2,,,
Modestas Bukauskas,LHW,3,342,125,2250,1,0,0,1,1,2,1,9.12,3.3333333333333335,0.02666666666666667,0.0,0.0,,1,,
Josh Culibao,FW,3,317,120,2222,1,0,2,3,2,0,,8.55985598559856,3.2403240324032403,0.027002700270027002,0.0,0.054005400540054004,,,,1
Melsik Baghdasaryan,FW,3,252,145,1732,0,0,1,2,1,1,,8.729792147806005,5.023094688221709,0.0,0.0,0.03464203233256351,1,,1,
Shannon Ross,FLW,1,4,1,59,0,0,0,0,0,1,,4.067796610169491,1.0169491525423728,0.0,0.0,0.0,,1,,
Kleydson Rodrigues,FLW,2,180,95,959,7,2,1,1,0,1,1,11.261730969760167,5.9436913451511995,0.43795620437956206,0.1251303441084463,0.06256517205422316,1,,,
Jamie Mullarkey,LW,5,539,251,2663,11,5,2,4,2,1,,12.144198272624859,5.655276004506196,0.24784078107397672,0.11265490048817124,0.045061960195268494,2,1,,
Francisco Prado,LW,1,78,28,900,2,0,0,0,0,1,1,5.2,1.8666666666666667,0.13333333333333333,0.0,0.0,,,,
Jack Jenkins,FW,1,150,82,900,5,4,0,1,1,0,,10.0,5.466666666666667,0.3333333333333333,0.26666666666666666,0.0,,,,
Don Shainis,FW,2,196,53,930,4,1,0,0,0,2,1,12.64516129032258,3.4193548387096775,0.25806451612903225,0.06451612903225806,0.0,,,1,
Shane Young,FW,2,317,126,1800,8,1,0,0,0,2,2,10.566666666666666,4.2,0.26666666666666666,0.03333333333333333,0.0,,,,
Blake Bilder,FW,1,206,111,900,7,1,0,1,1,0,,13.733333333333333,7.4,0.4666666666666667,0.06666666666666667,0.0,,,,
Zubair Tukhugov,FW,2,357,147,1800,11,2,0,1,1,1,1,11.9,4.9,0.36666666666666664,0.06666666666666667,0.0,,,,
Elves Brener,LW,1,170,69,900,3,0,0,1,1,0,,11.333333333333334,4.6,0.2,0.0,0.0,,,,
Derrick Lewis,HW,6,144,68,2093,6,2,2,2,0,4,,4.128045867176302,1.9493549928332536,0.17200191113234592,0.05733397037744864,0.05733397037744864,2,3,1,
Serghei Spivac,HW,6,530,181,2465,25,18,0,5,1,1,,12.900608519269777,4.405679513184584,0.6085192697768763,0.4381338742393509,0.0,3,1,,1
Da Woon Jung,LHW,3,226,62,1984,14,9,1,2,1,1,1,6.834677419354839,1.875,0.42338709677419356,0.2721774193548387,0.03024193548387097,1,,,
Devin Clark ,LHW,2,266,62,1800,17,4,0,1,1,1,1,8.866666666666667,2.066666666666667,0.5666666666666667,0.13333333333333333,0.0,,,,
Marcin Tybura,HW,4,496,149,2946,19,2,0,3,2,1,1,10.10183299389002,3.034623217922607,0.3869653767820774,0.04073319755600815,0.0,1,,,
Blagoy Ivanov,HW,2,255,96,1800,4,0,0,1,1,1,1,8.5,3.2,0.13333333333333333,0.0,0.0,,,,
Dooho Choi,FW,1,114,50,900,0,0,0,0,0,1,,7.6,3.3333333333333335,0.0,0.0,0.0,,,,
Kyle Nelson,LW,2,157,61,1800,14,5,0,0,0,2,1,5.233333333333333,2.033333333333333,0.4666666666666667,0.16666666666666666,0.0,,,,
Yusaku Kinoshita ,WW,1,25,10,276,1,0,0,0,0,1,,5.434782608695652,2.1739130434782608,0.21739130434782608,0.0,0.0,,1,,
Adam Fuggit,WW,2,174,85,345,15,5,0,1,0,1,,30.26086956521739,14.782608695652174,2.608695652173913,0.8695652173913043,0.0,1,1,,
Jeka Saragih,LW,1,40,14,524,0,0,0,0,0,1,,4.580152671755725,1.6030534351145038,0.0,0.0,0.0,,1,,
Anshul Jubli,LW,1,99,38,524,5,2,0,1,0,0,,11.335877862595419,4.351145038167939,0.5725190839694656,0.22900763358778625,0.0,1,,,
JeongYeong Lee,FW,1,105,25,900,0,0,0,1,1,0,,7.0,1.6666666666666667,0.0,0.0,0.0,,,,
Zha Yi,FW,1,74,24,900,21,5,0,0,0,1,1,4.933333333333334,1.6,1.4,0.3333333333333333,0.0,,,,
Toshiomi Kazama,BW,1,10,4,33,0,0,0,0,0,1,,18.181818181818183,7.2727272727272725,0.0,0.0,0.0,,1,,
Rinya Nakamura,BW,1,25,11,33,0,0,2,1,0,0,,45.45454545454545,20.0,0.0,0.0,3.6363636363636362,1,,,
SeungGuk Choi,FLW,1,83,20,791,2,0,1,0,0,1,,6.29582806573957,1.5170670037926675,0.15170670037926676,0.0,0.07585335018963338,,,1,
HyunSung Park,FLW,1,125,38,791,3,1,0,1,0,0,,9.481668773704172,2.8824273072060684,0.22756005056890014,0.07585335018963338,0.0,,,,1
Junyong Park,MW,3,319,152,1638,8,3,0,2,1,1,,11.684981684981684,5.5677655677655675,0.29304029304029305,0.10989010989010989,0.0,,1,,1
Denis Tiuliulin,MW,3,294,112,1255,2,0,2,1,0,2,,14.055776892430279,5.354581673306773,0.09561752988047809,0.0,0.09561752988047809,1,,2,
Tatsuro Taira,FLW,3,183,80,1719,14,5,1,3,1,0,,6.387434554973822,2.7923211169284468,0.4886561954624782,0.17452006980802792,0.034904013961605584,,,,2
Jesus Aguilar,FLW,1,2,2,260,0,0,0,0,0,1,,0.46153846153846156,0.46153846153846156,0.0,0.0,0.0,,,1,
Glover Teixeira,LHW,3,501,209,3454,40,9,0,1,0,2,1,8.702953097857556,3.6305732484076434,0.6948465547191662,0.1563404748118124,0.0,,,1,1
Jamahal Hill,LHW,5,653,332,2893,0,0,2,4,1,1,,13.543034911856205,6.885585896992741,0.0,0.0,0.041479433114414106,3,,1,
Deiveson Figueiredo,FLW,3,271,129,3146,14,4,3,1,1,2,,5.168467895740623,2.460267005721551,0.2670057215511761,0.07628734901462174,0.05721551176096631,,1,1,
Brandon Moreno,FLW,4,633,258,4020,13,6,2,3,0,1,1,9.447761194029852,3.8507462686567164,0.19402985074626866,0.08955223880597014,0.029850746268656716,2,,,1
Neil Magny,WW,6,729,193,4966,29,9,0,3,2,3,1,8.807893677003625,2.3318566250503423,0.3503826016915022,0.10873942811115586,0.0,,,2,1
Paul Craig,LHW,4,203,61,1392,17,1,0,2,0,2,1,8.75,2.6293103448275863,0.7327586206896551,0.04310344827586207,0.0,,1,,2
Johnny Walker,LHW,4,197,79,2028,1,1,1,2,0,2,1,5.828402366863905,2.337278106508876,0.029585798816568046,0.029585798816568046,0.029585798816568046,1,1,,1
Mauricia Hua,LHW,1,35,17,245,0,0,0,0,0,1,,8.571428571428571,4.163265306122449,0.0,0.0,0.0,,1,,
Ihor Potieria,LHW,2,132,59,758,2,0,1,1,0,1,,10.448548812664908,4.670184696569921,0.158311345646438,0.0,0.079155672823219,1,1,,
Gregory Rodrigues,MW,6,601,318,3131,15,8,4,4,1,2,1,11.517087192590227,6.0938997125519005,0.28744809964867457,0.15330565314595976,0.07665282657297988,3,1,,
Brunno Ferreira ,MW,1,46,22,253,2,0,1,1,0,0,,10.909090909090908,5.217391304347826,0.4743083003952569,0.0,0.23715415019762845,1,,,
Thiago Moises,LW,5,325,102,2269,12,6,0,3,1,2,,8.594094314676068,2.6972234464521816,0.31732040546496254,0.15866020273248127,0.0,,1,1,2
Melquizael Costa,LW,1,71,23,545,0,0,0,0,0,1,,7.81651376146789,2.532110091743119,0.0,0.0,0.0,,,1,
Gabriel Bonfim,WW,1,22,9,49,0,0,0,1,0,0,,26.93877551020408,11.020408163265307,0.0,0.0,0.0,,,,1
Mounir Lazzez,WW,3,275,152,1104,3,0,0,1,1,2,,14.945652173913043,8.26086956521739,0.16304347826086957,0.0,0.0,,1,1,
Shamil Abdurakhimov,HW,3,100,41,1102,1,0,0,0,0,3,,5.44464609800363,2.232304900181488,0.0544464609800363,0.0,0.0,,3,,
Jailton Almeida,LHW,4,259,110,1195,12,9,0,4,0,0,,13.00418410041841,5.523012552301255,0.602510460251046,0.45188284518828453,0.0,2,,,2
Luan Lacerda,BW,1,187,80,900,4,1,0,0,0,1,1,12.466666666666667,5.333333333333333,0.26666666666666666,0.06666666666666667,0.0,,,,
Cody Stamann,BW,4,405,179,1906,8,1,1,2,1,2,1,12.749213011542498,5.6348373557187825,0.2518363064008394,0.03147953830010493,0.03147953830010493,1,,1,
Ismael Bonfim ,LW,1,53,34,437,4,1,1,1,0,0,,7.276887871853547,4.668192219679634,0.5491990846681922,0.13729977116704806,0.13729977116704806,1,,,
Terrance McKinney,LW,5,194,75,909,6,3,2,3,0,2,,12.805280528052805,4.9504950495049505,0.39603960396039606,0.19801980198019803,0.132013201320132,1,2,,2
Warlley Alves,WW,3,200,98,1385,5,2,1,1,0,2,1,8.664259927797834,4.245487364620939,0.21660649819494585,0.08664259927797834,0.04332129963898917,1,1,,
Nicholas Dalby,WW,3,558,218,2700,6,1,0,2,2,1,1,12.4,4.844444444444444,0.13333333333333333,0.022222222222222223,0.0,,,,
Saimon Oliveira ,BW,1,73,23,438,5,0,0,0,0,1,,10.0,3.1506849315068495,0.684931506849315,0.0,0.0,,1,,
Daniel Marcos,BW,1,84,53,438,1,0,1,1,0,0,,11.506849315068493,7.260273972602739,0.136986301369863,0.0,0.136986301369863,1,,,
Sean Strickland ,MW,3,631,281,2556,1,1,0,2,2,1,,14.812206572769954,6.596244131455399,0.023474178403755867,0.023474178403755867,0.0,,1,,
Nassourdine Imavov,MW,5,733,312,4381,10,3,0,3,1,2,2,10.038803926044283,4.27299703264095,0.13695503309746634,0.0410865099292399,0.0,2,,,
Dan Ige,FW,5,607,227,3875,9,2,2,2,0,3,3,9.398709677419355,3.514838709677419,0.1393548387096774,0.03096774193548387,0.03096774193548387,2,,,
Damon Jackson,FW,5,403,152,3004,21,11,0,4,2,1,,8.049267643142477,3.03595206391478,0.4194407456724368,0.2197070572569907,0.0,1,1,,1
Punahele Soriano,MW,5,455,197,2915,5,0,3,2,0,3,2,9.365351629502573,4.0548885077186965,0.10291595197255575,0.0,0.06174957118353345,2,1,,
Roman Kopylov,MW,3,368,183,2068,3,2,2,2,0,1,1,10.67698259187621,5.309477756286267,0.08704061895551257,0.058027079303675046,0.058027079303675046,2,,,
Umar Nurmagomedov,BW,4,289,153,1894,20,9,1,3,1,1,,9.155227032734953,4.84688489968321,0.6335797254487856,0.28511087645195354,0.03167898627243928,1,,1,1
Raoni Barcelos,BW,4,617,289,2980,13,3,3,1,1,3,2,12.422818791946309,5.818791946308725,0.26174496644295303,0.06040268456375839,0.06040268456375839,,1,,
Javid Basharat,BW,3,505,264,2700,9,5,0,3,3,0,,11.222222222222221,5.866666666666666,0.2,0.1111111111111111,0.0,,,,
Mateus Mendonca,BW,1,70,29,900,11,2,0,0,0,1,1,4.666666666666667,1.9333333333333333,0.7333333333333333,0.13333333333333333,0.0,,,,
Claudio Ribeiro,MW,1,54,19,328,0,0,0,0,0,1,,9.878048780487806,3.475609756097561,0.0,0.0,0.0,,1,,
Abdul Razak Alhassan,MW,4,204,85,2145,6,3,2,2,0,2,2,5.706293706293707,2.3776223776223775,0.16783216783216784,0.08391608391608392,0.055944055944055944,2,,,
Mateusz Rebecki,LW,1,228,89,900,4,3,0,1,1,0,,15.2,5.933333333333334,0.26666666666666666,0.2,0.0,,,,
Nick Fiore,LW,1,113,34,900,3,1,0,0,0,1,1,7.533333333333333,2.2666666666666666,0.2,0.06666666666666667,0.0,,,,
Allan Nascimento,FLW,3,169,50,1996,9,4,0,2,1,1,1,5.080160320641283,1.503006012024048,0.27054108216432865,0.12024048096192384,0.0,,,,1
Carlos Hernandez,FLW,2,185,87,1096,9,2,0,1,1,1,,10.127737226277372,4.762773722627737,0.4927007299270073,0.10948905109489052,0.0,,,1,
Dan Argueta,FW,2,285,74,1800,9,5,0,1,1,1,1,9.5,2.466666666666667,0.3,0.16666666666666666,0.0,,,,
Nick Aguirre,FW,1,47,14,900,0,0,0,0,0,1,1,3.1333333333333333,0.9333333333333333,0.0,0.0,0.0,,,,
Jimmy Flick,FLW,1,13,7,273,3,1,0,0,0,1,,2.857142857142857,1.5384615384615385,0.6593406593406593,0.21978021978021978,0.0,,1,,
Jared Cannonier,MW,4,841,367,5069,5,1,1,3,2,1,1,9.954626159005722,4.344052081278359,0.059183270862102975,0.011836654172420595,0.011836654172420595,1,,,
Sean Strickland,MW,3,1220,491,4500,7,5,0,2,2,1,1,16.266666666666666,6.546666666666667,0.09333333333333334,0.06666666666666667,0.0,,,,
Arman tsarukyan,LW,5,708,237,3846,44,20,2,4,2,1,1,11.045241809672387,3.6973478939157567,0.6864274570982839,0.31201248049922,0.031201248049921998,2,,,
Damir Ismagulov,LW,3,523,171,2700,9,2,0,2,2,1,1,11.622222222222222,3.8,0.2,0.044444444444444446,0.0,,,,
Amir Albazi,FLW,3,339,117,1907,11,5,2,3,1,0,,10.665967488201364,3.6811746198217095,0.34609334032511796,0.15731515469323545,0.06292606187729417,1,,,1
Alessandro Costa,FLW,1,107,17,733,0,0,0,0,0,1,,8.758526603001364,1.3915416098226467,0.0,0.0,0.0,,1,,
Alex Caceres ,FW,3,223,110,1595,1,1,1,3,1,0,,8.38871473354232,4.137931034482759,0.03761755485893417,0.03761755485893417,0.03761755485893417,1,,,1
Julian Erosa,FW,6,841,385,2913,16,7,1,4,2,2,,17.32234809474768,7.929969104016478,0.329557157569516,0.14418125643666324,0.02059732234809475,1,2,,1
Drew Dober,LW,5,521,196,2949,7,1,3,3,0,2,1,10.600203458799593,3.987792472024415,0.14242115971515767,0.02034587995930824,0.061037639877924724,3,,1,
Bobby Green,LW,5,819,441,2613,4,0,1,2,1,3,1,18.80597014925373,10.126291618828933,0.09184845005740529,0.0,0.022962112514351322,1,2,,
Cody Brundage,MW,4,150,47,1547,10,5,1,2,0,2,1,5.817711700064641,1.8228829993535876,0.3878474466709761,0.19392372333548805,0.03878474466709761,1,1,,1
Michal Oleksiejczuk,LHW,5,472,194,2323,4,1,3,4,1,1,1,12.19113215669393,5.010761945759794,0.10331467929401636,0.02582866982350409,0.07748600947051226,3,,,
Jake Matthews,WW,3,324,100,2152,2,1,1,1,0,2,1,9.033457249070633,2.7881040892193307,0.055762081784386616,0.027881040892193308,0.027881040892193308,1,,1,
Matthew Semelsberger,WW,6,623,229,3631,7,5,6,4,2,2,2,10.294684659873313,3.7840815202423577,0.11567061415587993,0.08262186725419994,0.09914624070503994,2,,,
Saidyokub Kakhramonov,BW,3,384,79,2309,35,17,0,2,1,1,,9.978345604157644,2.052836725855349,0.9094846253789519,0.4417496751840624,0.0,,,1,1
Maheshate,LW,2,158,32,974,0,0,2,1,0,1,1,9.73305954825462,1.9712525667351128,0.0,0.0,0.12320328542094455,1,,,
Bryan Battle,MW,4,351,168,2279,10,2,1,3,1,1,1,9.240895129442737,4.422992540587977,0.26327336551118913,0.05265467310223782,0.02632733655111891,1,,,1
Rinat Fakhretdinov,WW,2,279,88,1800,19,12,1,2,2,0,,9.3,2.933333333333333,0.6333333333333333,0.4,0.03333333333333333,,,,
David Dvorak,FLW,3,284,81,1938,5,2,0,1,0,2,2,8.792569659442725,2.5077399380804954,0.15479876160990713,0.06191950464396285,0.0,,,,1
Manel Kape,FLW,5,497,240,3226,7,2,4,3,1,2,2,9.243645381277123,4.463732176069436,0.13019218846869188,0.037197768133911964,0.07439553626782393,2,,,
Sergey Morozov,BW,5,577,187,3723,47,15,1,3,3,2,,9.298952457695407,3.0136986301369864,0.7574536663980661,0.24174053182917002,0.016116035455278,,,2,
Journey Newson,BW,2,286,83,1800,5,2,0,1,1,1,1,9.533333333333333,2.7666666666666666,0.16666666666666666,0.06666666666666667,0.0,,,,
Jan Blachowicz ,LHW,4,584,221,4153,5,3,0,2,1,2,,8.437274259571394,3.192872622200819,0.07223693715386467,0.043342162292318805,0.0,1,,1,
Magomed Ankalaev,LHW,5,866,311,5289,25,7,1,4,3,1,,9.82416335791265,3.528077141236529,0.28360748723766305,0.07941009642654566,0.011344299489506523,1,,,
Paddy Pimblett,LW,4,336,130,1860,8,2,1,4,1,0,,10.838709677419354,4.193548387096774,0.25806451612903225,0.06451612903225806,0.03225806451612903,1,,,2
Jared Gordon,FW,5,874,386,4451,15,6,0,3,3,2,1,11.781622107391597,5.203325095484161,0.2022017524151876,0.08088070096607504,0.0,,,1,
Alex Morono,WW,5,882,359,3069,6,0,2,4,3,1,,17.24340175953079,7.018572825024438,0.11730205278592376,0.0,0.039100684261974585,1,1,,
Darren Till,MW,2,147,61,1496,1,1,0,0,0,2,,5.89572192513369,2.446524064171123,0.040106951871657755,0.040106951871657755,0.0,,,2,
Bryce Mitchell,FW,2,303,70,1390,13,5,1,1,1,1,,13.079136690647482,3.0215827338129495,0.5611510791366906,0.2158273381294964,0.04316546762589928,,,1,
Ilia Topuria,FW,3,180,78,1144,4,1,2,3,0,0,,9.44055944055944,4.090909090909091,0.2097902097902098,0.05244755244755245,0.1048951048951049,2,,,1
Jay Perrin,BW,3,318,134,1964,12,5,0,0,0,3,2,9.714867617107943,4.093686354378819,0.3665987780040733,0.15274949083503056,0.0,,,1,
Jairzinho Rozenstruik,HW,5,278,94,2854,0,0,2,2,0,3,2,5.844428871758935,1.9761737911702872,0.0,0.0,0.04204625087596356,2,1,,
Chris Daukaus,HW,5,207,96,1054,0,0,2,2,0,3,,11.783681214421252,5.464895635673624,0.0,0.0,0.11385199240986717,2,3,,
Edmen Shahbazyan,MW,3,250,116,2073,5,1,0,1,0,2,1,7.23589001447178,3.357452966714906,0.1447178002894356,0.02894356005788712,0.0,1,1,,
Dalcha Lungiambula,MW,5,479,177,2930,14,6,0,1,1,4,1,9.80887372013652,3.6245733788395906,0.28668941979522183,0.12286689419795221,0.0,,2,1,
Joaquin Buckley,MW,6,742,218,3447,17,6,3,3,1,3,1,12.915578764142733,3.7946040034812882,0.2959094865100087,0.10443864229765012,0.05221932114882506,2,2,,
Erik Silva,FW,1,42,21,821,4,3,0,0,0,1,,3.069427527405603,1.5347137637028014,0.292326431181486,0.2192448233861145,0.0,,,1,
Steven Koslow,BW,1,42,11,853,9,5,0,0,0,1,,2.954279015240328,0.7737397420867527,0.6330597889800703,0.3516998827667057,0.0,,1,,
Stephen Thompson,WW,3,443,201,3000,1,0,0,1,0,2,2,8.86,4.02,0.02,0.0,0.0,1,,,
Brian Barbarena,WW,1,79,14,500,0,0,0,0,0,1,,9.48,1.68,0.0,0.0,0.0,,,1,
Rafael Dos Anjos,LW,3,521,232,3218,37,11,1,2,1,1,,9.714108141702921,4.32566811684276,0.689869484151647,0.20509633312616532,0.018645121193287758,,1,,1
Matt Schnell,FLW,5,622,229,2902,3,2,1,2,1,3,,12.860096485182632,4.7346657477601655,0.06202618883528601,0.04135079255685734,0.02067539627842867,,1,1,1
Tai Tuivasa,HW,6,189,114,1759,1,0,5,4,0,2,,6.446844798180784,3.8885730528709495,0.03411028993746447,0.0,0.17055144968732233,4,2,,
Sergei Pavlovich,HW,3,116,59,352,0,0,4,3,0,0,,19.772727272727273,10.056818181818182,0.0,0.0,0.6818181818181818,3,,,
Jack Hermansson,MW,4,876,339,3846,23,5,0,2,2,2,1,13.666146645865835,5.288611544461778,0.358814352574103,0.078003120124805,0.0,,,1,
Eryk Anders,MW,5,554,204,2735,37,7,2,2,1,3,1,12.153564899451554,4.4753199268738575,0.8117001828153565,0.15356489945155394,0.043875685557586835,1,,1,
Kyle Daukaus,MW,4,231,78,1661,20,1,0,0,0,4,1,8.344370860927153,2.8175797712221553,0.7224563515954244,0.036122817579771226,0.0,,2,,
Niko Price,WW,3,689,250,2606,7,1,0,1,1,2,1,15.863392171910975,5.755947812739831,0.16116653875671527,0.023023791250959325,0.0,,1,,
Phil Rowe,WW,3,258,117,1802,2,1,2,3,0,0,,8.590455049944506,3.895671476137625,0.06659267480577137,0.033296337402885685,0.06659267480577137,3,,,
Scott Holtzman,LW,2,226,75,1282,1,0,0,0,0,2,1,10.577223088923557,3.510140405616225,0.046801872074883,0.0,0.0,,1,,
Michael Johnson,LW,4,574,237,3202,6,1,2,2,1,2,2,10.75577763897564,4.440974391005621,0.11242973141786383,0.018738288569643973,0.037476577139287946,1,,,
Marc Diakiese,LW,4,301,88,2808,36,19,0,2,2,2,1,6.431623931623932,1.8803418803418803,0.7692307692307693,0.405982905982906,0.0,,,1,
Darren Elkins,FW,4,638,154,2460,19,8,0,2,1,2,1,15.560975609756097,3.7560975609756095,0.4634146341463415,0.1951219512195122,0.0,1,1,,
Jonathan Pearce,FW,4,639,230,2861,33,18,0,4,2,0,,13.400908773156239,4.82348829080741,0.6920657112897588,0.3774903879762321,0.0,1,,,1
Natan Levy,LW,3,423,206,2700,33,18,0,2,2,1,1,9.4,4.5777777777777775,0.7333333333333333,0.4,0.0,,,,
Genaro Valdez,LW,2,211,59,1095,1,0,0,0,0,2,1,11.561643835616438,3.232876712328767,0.0547945205479452,0.0,0.0,,1,,
Marcelo Rojo,FW,3,431,160,1953,2,1,0,0,0,3,,13.241167434715821,4.915514592933948,0.06144393241167435,0.030721966205837174,0.0,,2,1,
Francis Marshall,FW,1,89,23,374,3,1,1,1,0,0,,14.27807486631016,3.6898395721925135,0.48128342245989303,0.16042780748663102,0.16042780748663102,1,,,
Kennedy Nzechukwu,LHW,6,596,258,3304,9,5,2,4,0,2,1,10.823244552058112,4.685230024213075,0.16343825665859565,0.09079903147699758,0.03631961259079903,4,1,,
Chase Sherman,HW,6,895,418,3767,2,1,1,1,0,5,3,14.255375630475179,6.657817892221927,0.031855588001061856,0.015927794000530928,0.015927794000530928,1,,2,
Waldo Cortes-Acosta,HW,2,440,220,1800,0,0,0,2,2,0,,14.666666666666666,7.333333333333333,0.0,0.0,0.0,,,,
Andre Fialho,WW,5,350,129,2441,0,0,2,2,0,3,1,8.603031544448996,3.17083162638263,0.0,0.0,0.04916018025399427,2,2,,
Muslim Salikhov,WW,3,319,141,2141,9,4,1,2,1,1,,8.939747781410556,3.9514245679588975,0.25221858944418496,0.1120971508640822,0.02802428771602055,1,1,,
Danny Roberts,WW,2,161,41,1104,1,0,0,0,0,2,1,8.75,2.2282608695652173,0.05434782608695652,0.0,0.0,,1,,
Zhalgas Zhumagulov,FLW,5,657,256,3064,20,4,0,1,0,4,3,12.865535248041775,5.013054830287206,0.391644908616188,0.0783289817232376,0.0,,1,,1
Vince Morales,BW,4,557,193,2822,4,1,1,2,1,2,2,11.842664776754075,4.103472714386959,0.08504606661941885,0.021261516654854713,0.021261516654854713,1,,,
Miles Johns,BW,3,313,152,2274,13,1,1,2,1,1,,8.258575197889183,4.010554089709762,0.34300791556728233,0.026385224274406333,0.026385224274406333,1,,1,
Ricky Turcios,BW,3,740,195,2700,11,4,1,2,2,1,1,16.444444444444443,4.333333333333333,0.24444444444444444,0.08888888888888889,0.022222222222222223,,,,
Kevin Natividad,BW,2,117,44,950,13,7,1,0,0,2,1,7.389473684210526,2.778947368421053,0.8210526315789474,0.4421052631578947,0.06315789473684211,,1,,
Brady Hiestand,BW,2,234,85,1800,19,9,0,1,1,1,1,7.8,2.8333333333333335,0.6333333333333333,0.3,0.0,,,,
Fernando Garcia,BW,1,125,21,900,2,1,0,0,0,1,1,8.333333333333334,1.4,0.13333333333333333,0.06666666666666667,0.0,,,,
Dustin Poirer ,LW,3,269,122,1472,3,2,1,3,0,0,,10.964673913043478,4.9728260869565215,0.12228260869565218,0.08152173913043478,0.04076086956521739,2,,,1
Michael Chandler,LW,5,539,220,2406,14,5,2,2,0,3,1,13.441396508728179,5.486284289276808,0.3491271820448878,0.12468827930174564,0.04987531172069826,2,1,1,
Frankie Edgar,BW,3,217,98,979,9,3,0,0,0,3,,13.299284984678243,6.006128702757916,0.5515832482124617,0.18386108273748722,0.0,,3,,
Dan Hooker,LW,5,430,128,1894,7,3,1,2,1,3,,13.621964097148892,4.054910242872228,0.22175290390707497,0.09503695881731784,0.03167898627243928,1,2,1,
Claudio Puelles,LW,4,234,69,2432,20,5,0,3,1,1,,5.7730263157894735,1.7023026315789473,0.4934210526315789,0.12335526315789473,0.0,,1,,2
Brad Riddell,LW,4,307,164,1885,17,6,0,1,1,3,,9.771883289124668,5.220159151193634,0.5411140583554377,0.1909814323607427,0.0,,1,2,
Renato Moicano,LW,4,368,157,2657,17,7,0,2,0,2,1,8.310124200225818,3.5453519006398193,0.38389160707564923,0.1580730146782085,0.0,,,1,2
Dominick Reyes,LHW,2,126,68,649,1,1,0,0,0,2,,11.64869029275809,6.286594761171032,0.09244992295839753,0.09244992295839753,0.0,,2,,
Andre Petroski,MW,4,371,161,2654,28,16,0,4,1,0,,8.38733986435569,3.6397889977392617,0.6330067822155238,0.3617181612660136,0.0,1,,,2
Wellington Turman,MW,4,284,126,2474,25,3,0,2,1,2,1,6.887631366208569,3.055780113177041,0.6063055780113177,0.07275666936135812,0.0,,1,,1
Matt Frevola,LW,4,239,87,1252,2,0,5,2,0,2,1,11.45367412140575,4.169329073482428,0.09584664536741214,0.0,0.23961661341853036,2,1,,
Ottman Azaitar,LW,1,23,10,150,0,0,0,0,0,1,,9.2,4.0,0.0,0.0,0.0,,1,,
Mike Trizano,FW,2,198,88,1191,0,0,2,2,1,0,,9.974811083123425,4.433249370277078,0.0,0.0,0.10075566750629723,1,,,
Seung-Woo Choi,FW,5,536,159,2699,6,3,3,2,1,3,1,11.915524268247498,3.5346424601704336,0.1333827343460541,0.06669136717302705,0.06669136717302705,1,1,1,
Julio Arce,BW,4,614,208,2720,3,1,0,2,1,2,1,13.544117647058824,4.588235294117647,0.0661764705882353,0.022058823529411766,0.0,1,1,,
Montel Jackson,BW,3,270,88,1918,8,4,7,3,2,0,,8.446298227320126,2.7528675703858188,0.2502606882168926,0.1251303441084463,0.21897810218978103,1,,,
Carlos Ulberg,LHW,4,386,241,1698,2,2,2,3,1,1,,13.639575971731448,8.515901060070671,0.0706713780918728,0.0706713780918728,0.0706713780918728,2,1,,
Nicolae Negumereanu,LHW,5,559,199,2615,14,4,0,4,2,1,,12.826003824091778,4.5659655831739965,0.32122370936902483,0.09177820267686425,0.0,2,1,,
Daniel Rodriguez,WW,5,864,448,3740,2,0,0,4,3,1,,13.86096256684492,7.18716577540107,0.03208556149732621,0.0,0.0,1,,1,
Derrick Minner,FLW,4,255,95,2395,8,7,1,1,1,3,1,6.38830897703549,2.3799582463465554,0.20041753653444677,0.17536534446764093,0.025052192066805846,,2,,
Tagir Ulanbekov,FLW,3,313,112,1931,17,7,0,2,1,1,1,9.725530813050232,3.4800621439668564,0.5282237182806836,0.21750388399792853,0.0,,,,1
Nate Maness,BW,3,196,37,1461,1,1,1,1,0,2,1,8.049281314168377,1.5195071868583163,0.04106776180698152,0.04106776180698152,0.04106776180698152,1,,1,
Grant Dawson,LW,4,476,157,3375,47,13,1,3,0,1,,8.462222222222222,2.7911111111111113,0.8355555555555556,0.2311111111111111,0.017777777777777778,1,,,2
Mark Madsen,LW,3,378,152,2525,4,3,0,2,2,1,,8.982178217821783,3.611881188118812,0.09504950495049505,0.07128712871287128,0.0,,,1,
Benito Lopez,BW,1,25,17,294,0,0,0,0,0,1,,5.1020408163265305,3.4693877551020407,0.0,0.0,0.0,,,1,
Liudvik Sholinian,BW,1,166,56,900,2,0,0,0,0,1,1,11.066666666666666,3.7333333333333334,0.13333333333333333,0.0,0.0,,,,
Johnny Munoz,BW,3,362,94,1423,8,4,0,2,1,1,,15.263527758257203,3.9634574841883343,0.33731553056922,0.16865776528461,0.0,,1,,1
Carlos Candelario,FLW,2,195,78,1359,6,3,0,0,0,2,1,8.609271523178808,3.443708609271523,0.26490066225165565,0.13245033112582782,0.0,,,1,
Josh Hadley,FLW,1,188,90,459,0,0,0,1,0,0,,24.575163398692812,11.764705882352942,0.0,0.0,0.0,,,,1
Calvin Kattar,FW,4,1136,421,4808,9,2,1,1,1,3,2,14.176372712146422,5.253743760399335,0.11231281198003328,0.024958402662229616,0.012479201331114808,,1,,
Tim Means,WW,3,401,121,2188,14,6,0,1,1,2,1,10.996343692870202,3.3180987202925047,0.38391224862888484,0.16453382084095064,0.0,,,1,
Max Griffin ,WW,4,429,219,2840,10,4,4,3,2,1,1,9.06338028169014,4.626760563380282,0.2112676056338028,0.08450704225352113,0.08450704225352113,1,,,
Jared Vanderaa,HW,7,987,397,4864,1,0,0,1,1,6,2,12.17516447368421,4.897203947368421,0.012335526315789474,0.0,0.0,,3,1,
Josh Fremd ,MW,1,57,24,349,1,0,0,0,0,1,,9.799426934097422,4.126074498567335,0.17191977077363896,0.0,0.0,,,1,
Tresean Gore,MW,3,178,75,1479,7,5,0,1,0,2,1,7.221095334685598,3.0425963488843815,0.2839756592292089,0.2028397565922921,0.0,,1,,1
Khalil Rountree,LHW,4,551,198,2575,1,0,3,3,1,1,1,12.838834951456311,4.613592233009709,0.02330097087378641,0.0,0.06990291262135923,2,,,
Phil Hawes,MW,5,651,274,2881,18,8,1,3,2,2,,13.557792433182923,5.70635196112461,0.3748698368622006,0.16660881638320027,0.020826102047900034,1,1,1,
Andre Arlovski,HW,5,607,282,3179,0,0,0,3,3,2,,11.456432840515886,5.322428436615287,0.0,0.0,0.0,,,2,
Marcos de Lima,HW,4,432,102,1942,9,4,1,3,1,1,1,13.347064881565396,3.151390319258496,0.2780638516992791,0.12358393408856849,0.030895983522142123,1,,,1
Joseph Holmes,MW,3,166,87,1448,3,1,1,1,0,2,1,6.878453038674033,3.6049723756906076,0.12430939226519337,0.04143646408839779,0.04143646408839779,,,1,1
Jun-Yong Park,MW,1,76,18,484,4,2,0,1,0,0,,9.421487603305785,2.231404958677686,0.49586776859504134,0.24793388429752067,0.0,,,,1
Chase Hooper,FW,3,352,101,1772,16,7,0,1,0,2,1,11.918735891647856,3.419864559819413,0.5417607223476298,0.23702031602708803,0.0,1,1,,
Cody Durden,FLW,4,299,101,1926,19,10,1,3,2,1,,9.314641744548286,3.146417445482866,0.5919003115264797,0.3115264797507788,0.03115264797507788,1,,1,
Carlos Mota,FLW,1,62,12,900,0,0,0,0,0,1,1,4.133333333333334,0.8,0.0,0.0,0.0,,,,
Joshua Weems,BW,1,32,18,247,3,2,0,0,0,1,,7.77327935222672,4.372469635627531,0.728744939271255,0.48582995951417,0.0,,,1,
Charles Oliveira,LW,4,296,146,1679,10,1,3,3,0,1,,10.577724836212031,5.217391304347826,0.357355568790947,0.0357355568790947,0.1072066706372841,1,,1,2
Aljamain Sterling,BW,3,584,231,3193,47,8,0,3,1,0,,10.974005637331663,4.340745380519888,0.8831819605386784,0.15032884434700908,0.0,1,,,
TJ Dillashaw ,BW,2,363,118,2024,19,2,0,1,1,1,,10.76086956521739,3.4980237154150196,0.5632411067193676,0.05928853754940711,0.0,,1,,
Sean O'Malley,BW,5,756,464,3376,1,0,4,4,1,1,,13.436018957345972,8.246445497630331,0.017772511848341232,0.0,0.07109004739336493,3,,,
Beniel Dariush,LW,1,138,59,900,0,0,1,1,1,0,,9.2,3.933333333333333,0.0,0.0,0.06666666666666667,,,,
Belal Muhammad,WW,6,1233,380,5105,29,13,0,5,4,1,,14.491674828599413,4.466209598432909,0.34084231145935356,0.15279138099902057,0.0,1,,,
Sean Brady,WW,3,385,113,2295,14,6,0,2,1,1,,10.065359477124183,2.954248366013072,0.3660130718954248,0.1568627450980392,0.0,,1,,1
Makhmud Muradov,MW,3,380,133,2088,4,2,0,1,0,2,1,10.919540229885058,3.82183908045977,0.11494252873563218,0.05747126436781609,0.0,1,,1,
Caio Borralho,MW,3,246,62,2636,8,6,0,3,3,0,,5.599393019726858,1.4112291350531108,0.18209408194233687,0.13657056145675264,0.0,,,,
Volkan Oezdemir,LHW,3,439,162,2700,4,2,0,2,2,1,1,9.755555555555556,3.6,0.08888888888888889,0.044444444444444446,0.0,,,,
Abubakar Nurmagomedov,WW,2,268,100,1800,9,2,0,1,1,1,1,8.933333333333334,3.3333333333333335,0.3,0.06666666666666667,0.0,,,,
Gadzhi Omargadzhiev,MW,2,232,50,1736,9,2,0,0,0,2,2,8.018433179723502,1.728110599078341,0.31105990783410137,0.06912442396313365,0.0,,,,
Armen Petrosyan,MW,3,610,276,2700,1,0,0,2,2,1,1,13.555555555555555,6.133333333333334,0.022222222222222223,0.0,0.0,,,,
AJ Dobson,MW,2,278,110,1800,3,3,0,0,0,2,2,9.266666666666667,3.6666666666666665,0.1,0.1,0.0,,,,
Cub Swanson,FW,3,124,73,754,1,1,1,1,0,2,,9.86737400530504,5.809018567639257,0.07957559681697612,0.07957559681697612,0.07957559681697612,1,2,,
Jordan Wright,MW,3,151,71,644,5,3,1,1,0,2,,14.06832298136646,6.614906832298137,0.4658385093167702,0.2795031055900621,0.09316770186335403,1,2,,
Misha Cirkunov,LHW,4,197,81,1448,24,6,0,1,0,3,1,8.162983425414364,3.356353591160221,0.994475138121547,0.24861878453038674,0.0,1,1,1,
Brandon Davis,BW,1,189,76,900,3,1,0,0,0,1,1,12.6,5.066666666666666,0.2,0.06666666666666667,0.0,,,,
Nick Maximov,MW,4,359,81,2776,32,15,0,2,2,2,1,7.759365994236311,1.7507204610951008,0.69164265129683,0.3242074927953891,0.0,,,1,
Jacob Malkoun,MW,4,700,223,3600,67,30,0,3,3,1,1,11.666666666666666,3.716666666666667,1.1166666666666667,0.5,0.0,,,,
Joanderson Brito,FW,3,141,58,1063,6,4,1,2,0,1,1,7.958607714016933,3.273753527751646,0.33866415804327377,0.2257761053621825,0.05644402634054563,1,,,1
Mike Jackson,WW,2,53,28,325,2,0,0,1,0,1,,9.784615384615385,5.1692307692307695,0.36923076923076925,0.0,0.0,,1,,
Pete Rodriguez,WW,2,108,47,272,0,0,1,1,0,1,,23.823529411764707,10.367647058823529,0.0,0.0,0.22058823529411764,1,1,,
Francisco Trinaldo,WW,4,497,195,3600,9,2,0,2,2,2,2,8.283333333333333,3.25,0.15,0.03333333333333333,0.0,,,,
Sodiq Yusuff,FW,3,306,120,1830,4,1,0,2,1,1,1,10.032786885245901,3.9344262295081966,0.13114754098360656,0.03278688524590164,0.0,,,,1
Mike Davis,LW,2,384,173,1800,20,12,0,2,2,0,,12.8,5.766666666666667,0.6666666666666666,0.4,0.0,,,,
Viacheslav Borshchev,LW,3,211,91,2027,0,0,1,1,0,2,2,6.245683275777011,2.6936359151455354,0.0,0.0,0.02960039467192896,1,,,
John Castaneda,BW,3,336,157,1550,7,3,3,1,0,2,,13.006451612903225,6.077419354838709,0.2709677419354839,0.11612903225806452,0.11612903225806452,1,1,1,
Daniel Santos,BW,2,366,118,1468,6,2,1,1,0,1,1,14.959128065395095,4.822888283378747,0.2452316076294278,0.08174386920980926,0.04087193460490463,1,,,
Ilir Latifi,HW,2,186,48,1800,9,5,0,2,2,0,,6.2,1.6,0.3,0.16666666666666666,0.0,,,,
Aleksei  Oleinik,HW,1,113,28,900,0,0,0,0,0,1,1,7.533333333333333,1.8666666666666667,0.0,0.0,0.0,,,,
Joaquim Silva,LW,2,98,46,525,0,0,1,1,0,1,,11.2,5.257142857142857,0.0,0.0,0.11428571428571428,1,1,,
Jesse Ronson,LW,2,147,64,1078,2,0,0,0,0,2,,8.181818181818182,3.562152133580705,0.11131725417439703,0.0,0.0,,1,1,
Krzysztof Jotko,MW,4,532,146,2957,8,5,0,2,2,2,1,10.794724382820426,2.962461954683801,0.16232668244842746,0.10145417653026716,0.0,,,1,
Randy Costa ,BW,2,160,71,495,0,0,0,0,0,2,,19.393939393939394,8.606060606060606,0.0,0.0,0.0,,1,1,
Song Yadong ,BW,2,259,68,1326,2,2,1,1,0,1,,11.71945701357466,3.076923076923077,0.09049773755656108,0.09049773755656108,0.04524886877828054,1,1,,
Andre Fili,FW,3,244,99,1287,4,2,0,1,1,2,,11.375291375291376,4.615384615384615,0.1864801864801865,0.09324009324009325,0.0,,1,,
Alen Amedovski,MW,2,38,12,299,0,0,0,0,0,2,,7.625418060200669,2.408026755852843,0.0,0.0,0.0,,1,1,
Rordrigo Nascimento,HW,1,149,36,900,7,3,0,1,1,0,,9.933333333333334,2.4,0.4666666666666667,0.2,0.0,,,,
Anthony Hernandez,MW,3,281,119,2026,25,16,0,3,1,0,,8.321816386969397,3.5241855873642645,0.7403751233958539,0.4738400789733465,0.0,,,,2
Pat Sabatini,FW,5,404,80,2882,28,12,1,3,2,2,1,8.410825815405968,1.6655100624566272,0.5829285218598196,0.2498265093684941,0.020818875780707843,,1,,1
Louis Cosce,WW,1,49,10,900,1,1,0,0,0,1,1,3.2666666666666666,0.6666666666666666,0.06666666666666667,0.06666666666666667,0.0,,,,
Nikolas Motta,LW,2,102,45,647,0,0,1,1,0,1,,9.45904173106646,4.1731066460587325,0.0,0.0,0.09273570324574962,1,1,,
Cameron VanCamp,WW,2,71,34,384,0,0,0,0,0,2,,11.09375,5.3125,0.0,0.0,0.0,,2,,
Nick Diaz,MW,2,556,251,1705,1,0,0,1,0,1,,19.565982404692082,8.832844574780058,0.03519061583577713,0.0,0.0,,1,,1
Tony Ferguson,LW,3,289,115,2289,3,1,0,0,0,3,1,7.575360419397117,3.0144167758846656,0.07863695937090433,0.02621231979030144,0.0,,1,1,
Khamzat Chimaev,WW,3,303,133,1229,10,5,1,3,1,0,,14.792514239218876,6.493083807973963,0.4882017900732303,0.24410089503661514,0.04882017900732303,,,,2
Li Jingliang,WW,4,317,137,1939,3,2,2,2,0,2,1,9.809179989685404,4.239298607529655,0.09283135636926251,0.06188757091284167,0.06188757091284167,2,,1,
Hakeem Dawodu,FW,3,558,254,2700,1,0,0,1,1,2,2,12.4,5.644444444444445,0.022222222222222223,0.0,0.0,,,,
Jake Collier,HW,4,669,294,2390,7,4,1,1,0,3,2,16.794979079497907,7.380753138075314,0.17573221757322174,0.100418410041841,0.02510460251046025,,1,,1
Chris Barnett,HW,4,367,148,2012,1,0,1,2,0,2,1,10.944333996023857,4.41351888667992,0.02982107355864811,0.0,0.02982107355864811,2,,1,
Chad Anheliger,BW,1,163,39,900,0,0,0,0,0,1,1,10.866666666666667,2.6,0.0,0.0,0.0,,,,
Alatengheili,BW,3,285,94,1847,3,2,1,2,1,1,,9.258256632376828,3.053600433134813,0.09745533297238766,0.06497022198159177,0.03248511099079589,1,,,
Darian Weeks,WW,3,429,202,2700,20,6,0,0,0,3,3,9.533333333333333,4.488888888888889,0.4444444444444444,0.13333333333333333,0.0,,,,
Robert Whittaker,MW,3,543,283,3900,18,9,0,2,2,1,1,8.353846153846154,4.3538461538461535,0.27692307692307694,0.13846153846153847,0.0,,,,
Alessio Di Chirico,MW,3,156,52,818,4,0,1,1,0,2,,11.442542787286063,3.8141809290953543,0.293398533007335,0.0,0.07334963325183375,1,2,,
William Gomis,FW,1,121,32,900,5,3,0,1,1,0,,8.066666666666666,2.1333333333333333,0.3333333333333333,0.2,0.0,,,,
Jarno Errens,FW,1,64,20,900,2,0,0,0,0,1,1,4.266666666666667,1.3333333333333333,0.13333333333333333,0.0,0.0,,,,
Charles Jourdain,FW,6,1156,531,4499,6,1,3,3,1,3,2,15.416759279839965,7.081573683040676,0.08001778172927317,0.013336296954878863,0.04000889086463658,1,,1,1
Nathaniel Wood,FW,2,400,194,1800,9,6,0,2,2,0,,13.333333333333334,6.466666666666667,0.3,0.2,0.0,,,,
Abus Magomedov,MW,1,7,7,19,0,0,1,1,0,0,,22.105263157894736,22.105263157894736,0.0,0.0,3.1578947368421053,1,,,
Dustin Stoltzfus,MW,3,382,116,1633,8,2,0,1,1,2,,14.035517452541335,4.262094304960196,0.29393753827311697,0.07348438456827924,0.0,,1,1,
John Makdessi,LW,2,453,197,1800,0,0,0,1,1,1,1,15.1,6.566666666666666,0.0,0.0,0.0,,,,
Nasrat Haqparast,LW,4,669,266,3600,6,2,1,2,2,2,2,11.15,4.433333333333334,0.1,0.03333333333333333,0.016666666666666666,,,,
Fares Ziam,LW,3,288,100,1931,7,3,0,2,2,1,,8.948731227343345,3.1071983428275507,0.21750388399792853,0.09321595028482652,0.0,,,1,
Michal Figlak,LW,1,126,28,900,5,1,0,0,0,1,1,8.4,1.8666666666666667,0.3333333333333333,0.06666666666666667,0.0,,,,
Benoit Saint Denis,WW,3,320,117,1608,20,6,3,2,0,1,1,11.940298507462687,4.365671641791045,0.746268656716418,0.22388059701492538,0.11194029850746269,1,,,1
Gabriel Miranda,LW,1,53,20,316,3,1,0,0,0,1,,10.063291139240507,3.7974683544303796,0.569620253164557,0.189873417721519,0.0,,1,,
Khalid Taha,BW,2,185,39,1095,1,0,0,0,0,2,1,10.136986301369863,2.136986301369863,0.0547945205479452,0.0,0.0,,1,,
Cristian Quinonez,BW,1,47,19,195,0,0,0,1,0,0,,14.461538461538462,5.846153846153846,0.0,0.0,0.0,1,,,
Paulo Costa,LHW,2,406,236,2400,3,3,0,1,1,1,1,10.15,5.9,0.075,0.075,0.0,,,,
Luke Rockhold,MW,1,78,51,900,4,1,0,0,0,1,1,5.2,3.4,0.26666666666666666,0.06666666666666667,0.0,,,,
Jose Aldo ,BW,2,315,152,1800,16,0,0,1,1,1,1,10.5,5.066666666666666,0.5333333333333333,0.0,0.0,,,,
Harry Hunsucker,HW,3,19,9,227,1,0,0,0,0,3,,5.022026431718062,2.3788546255506606,0.2643171806167401,0.0,0.0,,3,,
Leonardo Santos,LW,3,293,107,2180,5,1,1,0,0,3,1,8.064220183486238,2.944954128440367,0.13761467889908258,0.027522935779816515,0.027522935779816515,,1,1,
Sean Woodson,FW,3,481,163,2070,0,0,1,2,1,1,,13.942028985507246,4.72463768115942,0.0,0.0,0.028985507246376812,1,,,
Luis Saldana,FW,4,613,288,3600,17,3,1,2,2,2,1,10.216666666666667,4.8,0.2833333333333333,0.05,0.016666666666666666,,,,
Ange Loosa,WW,2,570,217,1800,6,2,0,1,1,1,1,19.0,7.233333333333333,0.2,0.06666666666666667,0.0,,,,
Francisco Figueiredo,FLW,4,158,73,2152,8,6,0,2,1,2,1,4.405204460966543,2.0353159851301115,0.22304832713754646,0.16728624535315986,0.0,,,1,1
Aoriqileng,FLW,4,678,290,2868,11,5,1,2,1,2,2,14.184100418410042,6.066945606694561,0.2301255230125523,0.10460251046025104,0.02092050209205021,1,,,
Dominick Cruz,BW,3,764,284,2837,25,5,0,2,2,1,,16.15791328868523,6.00634473034896,0.5287275290800141,0.10574550581600282,0.0,,1,,
David Onama,LW,4,561,226,2857,15,3,2,2,0,2,2,11.781589079453973,4.746237311865594,0.31501575078753935,0.06300315015750788,0.04200210010500525,1,,,1
Devin Clark,HW,2,223,48,1479,5,2,1,1,0,1,,9.046653144016227,1.947261663286004,0.2028397565922921,0.08113590263691683,0.04056795131845842,1,1,,
Martin Buday,HW,2,360,122,1598,0,0,1,2,2,0,,13.516896120150188,4.58072590738423,0.0,0.0,0.03754693366708386,,,,
Gabriel Benitez,FW,2,196,94,1033,2,1,1,1,0,1,,11.38431752178122,5.459825750242014,0.11616650532429816,0.05808325266214908,0.05808325266214908,1,1,,
Charlie Ontiveros,LW,2,89,29,624,0,0,2,0,0,2,,8.557692307692308,2.7884615384615383,0.0,0.0,0.19230769230769232,,2,,
Jason Witt,WW,4,165,48,1480,27,13,1,1,1,3,,6.6891891891891895,1.945945945945946,1.0945945945945945,0.527027027027027,0.04054054054054054,,3,,
Josh Quinlan,WW,1,12,3,129,0,0,1,1,0,0,,5.5813953488372094,1.3953488372093024,0.0,0.0,0.46511627906976744,1,,,
Youssef Zalal,FW,3,361,128,2700,27,6,0,0,0,3,2,8.022222222222222,2.8444444444444446,0.6,0.13333333333333333,0.0,,,,
Thiago Santos,LHW,4,472,206,4951,22,6,1,1,1,3,2,5.720056554231468,2.4964653605332257,0.26661280549383964,0.07271258331650171,0.012118763886083619,,1,,
Vicente Luque,WW,4,468,213,2002,0,0,0,2,0,2,1,14.025974025974026,6.383616383616384,0.0,0.0,0.0,,1,,2
Mohammed Usman,HW,1,41,12,336,1,0,1,1,0,0,,7.321428571428571,2.142857142857143,0.17857142857142858,0.0,0.17857142857142858,1,,,
Zac Pauga,HW,1,51,32,336,0,0,0,0,0,1,,9.107142857142858,5.714285714285714,0.0,0.0,0.0,,1,,
Sam Alvey,MW,4,315,124,1873,1,0,0,0,0,4,1,10.09076348104645,3.97223705285638,0.03203416978109984,0.0,0.0,,1,2,
Takashi Sato,WW,2,42,11,944,0,0,0,0,0,2,1,2.669491525423729,0.6991525423728814,0.0,0.0,0.0,,1,,
Kai Kara-France,FLW,4,341,140,2270,3,1,3,3,1,1,,9.013215859030836,3.700440528634361,0.07929515418502203,0.02643171806167401,0.07929515418502203,2,1,,
Alexandre Pantoja,FLW,3,205,104,1397,8,4,0,3,1,0,,8.804581245526128,4.46671438797423,0.3435934144595562,0.1717967072297781,0.0,,,,2
Alex Perez,FLW,1,14,10,91,1,0,0,0,0,1,,9.23076923076923,6.593406593406593,0.6593406593406593,0.0,0.0,,,1,
Anthony Smith,LHW,3,108,61,1016,1,0,2,2,0,1,,6.377952755905512,3.6023622047244093,0.05905511811023622,0.0,0.11811023622047244,1,1,,1
Hamdy Abdelwahab,HW,1,164,58,900,4,3,1,0,0,1,,10.933333333333334,3.8666666666666667,0.26666666666666666,0.2,0.06666666666666667,,,,
Drakkar Klose,LW,2,284,137,1233,13,4,2,2,1,0,,13.819951338199514,6.666666666666667,0.6326034063260341,0.19464720194647203,0.09732360097323602,1,,,
Michael Morales,WW,2,201,109,315,2,0,3,2,0,0,,38.285714285714285,20.761904761904763,0.38095238095238093,0.0,0.5714285714285714,2,,,
Orion Cosce,WW,2,189,47,1461,14,5,0,1,1,1,,7.761806981519507,1.9301848049281314,0.5749486652977412,0.2053388090349076,0.0,,1,,
Blood Diamond,WW,2,129,64,1178,1,0,0,0,0,2,1,6.570458404074703,3.2597623089983023,0.050933786078098474,0.0,0.0,,,1,
Curtis Blaydes,HW,4,315,94,1618,9,3,1,3,1,1,,11.681087762669963,3.4857849196538937,0.3337453646477132,0.11124845488257108,0.037082818294190356,2,1,,
Tom Aspinall,HW,4,145,85,759,3,3,1,3,0,1,,11.462450592885375,6.719367588932807,0.23715415019762845,0.23715415019762845,0.07905138339920949,1,1,,2
Alexander Gustafsson,LHW,1,9,5,67,0,0,0,0,0,1,,8.059701492537313,4.477611940298507,0.0,0.0,0.0,,1,,
Mason Jones,LW,4,761,293,3134,24,11,0,1,1,3,2,14.569240587109126,5.609444798978941,0.4594767070835992,0.21059349074664965,0.0,,,,
Damir Hadzovic,LW,2,266,126,1800,4,2,0,1,1,1,1,8.866666666666667,4.2,0.13333333333333333,0.06666666666666667,0.0,,,,
Charles Rosa,FW,4,741,182,3600,14,6,0,1,1,3,3,12.35,3.033333333333333,0.23333333333333334,0.1,0.0,,,,
Claudio Silva,WW,2,185,32,1800,22,5,0,0,0,2,2,6.166666666666667,1.0666666666666667,0.7333333333333333,0.16666666666666666,0.0,,,,
Brian Ortega,FW,2,289,110,1751,10,3,0,0,0,2,1,9.902912621359222,3.7692747001713305,0.34266133637921187,0.10279840091376356,0.0,,1,,
Sumudaerji,FLW,2,219,108,1464,0,0,1,1,1,1,,8.975409836065573,4.426229508196721,0.0,0.0,0.040983606557377046,,,1,
Shane Burgos,FW,3,625,315,2476,7,2,0,2,2,1,,15.145395799676898,7.633279483037157,0.16962843295638125,0.048465266558966075,0.0,,1,,
Ricky Simon,BW,4,305,105,2382,31,17,2,4,1,0,,7.682619647355164,2.6448362720403025,0.7808564231738035,0.4282115869017632,0.05037783375314862,1,,,2
Herbert Burns,FW,1,25,10,410,2,1,0,0,0,1,,3.658536585365854,1.4634146341463414,0.2926829268292683,0.14634146341463414,0.0,,1,,
Da-un Jung,LHW,1,39,14,193,0,0,0,0,0,1,,12.124352331606218,4.352331606217617,0.0,0.0,0.0,,1,,
Dwight Grant,WW,4,522,174,3255,3,3,1,1,1,3,2,9.622119815668203,3.207373271889401,0.055299539170506916,0.055299539170506916,0.018433179723502304,,1,,
Douglas Silva de Andrade,FW,2,216,67,1800,3,2,0,0,0,2,2,7.2,2.2333333333333334,0.1,0.06666666666666667,0.0,,,,
Aiemann Zahabi,BW,2,116,63,1085,0,0,1,2,1,0,,6.414746543778802,3.4838709677419355,0.0,0.0,0.055299539170506916,1,,,
Garret Armfield,FW,1,83,21,793,2,0,0,0,0,1,,6.279949558638084,1.5889029003783102,0.15132408575031525,0.0,0.0,,,1,
Karl Roberson,MW,3,78,32,1359,3,0,0,0,0,3,,3.443708609271523,1.4128035320088301,0.13245033112582782,0.0,0.0,,2,1,
Ronnie Lawrence,BW,3,284,138,2558,18,15,3,2,1,1,1,6.661454261141516,3.236903831118061,0.4222048475371384,0.3518373729476153,0.07036747458952307,1,,,
Alexander Volkonovski,FW,3,982,551,3945,8,4,1,3,2,0,,14.935361216730039,8.38022813688213,0.12167300380228137,0.060836501901140684,0.015209125475285171,1,,,
Robbie Lawler,MW,2,362,212,1520,0,0,0,1,0,1,,14.289473684210526,8.368421052631579,0.0,0.0,0.0,1,1,,
Donald Cerrone,WW,2,72,38,672,2,0,0,0,0,2,,6.428571428571429,3.392857142857143,0.17857142857142858,0.0,0.0,,1,1,
Gabe Green,WW,2,337,138,1442,4,1,0,1,0,1,1,14.022191400832178,5.742024965325936,0.1664355062413315,0.04160887656033287,0.0,1,,,
Brad Tavares,MW,3,457,220,2700,1,0,1,2,2,1,1,10.155555555555555,4.888888888888889,0.022222222222222223,0.0,0.022222222222222223,,,,
Uriah Hall,MW,3,322,113,2417,0,0,0,1,0,2,2,7.99338022341746,2.8051303268514687,0.0,0.0,0.0,1,,,
Alan Baudot,HW,3,299,164,1773,0,0,1,0,0,3,1,10.11844331641286,5.549915397631134,0.0,0.0,0.0338409475465313,,1,,
Christos Giagos,LW,3,82,25,673,5,3,0,1,0,2,,7.310549777117385,2.2288261515601784,0.4457652303120357,0.2674591381872214,0.0,,1,1,1
Rodolfo Vieira,MW,1,149,86,900,20,0,0,0,0,1,1,9.933333333333334,5.733333333333333,1.3333333333333333,0.0,0.0,,,,
Tafon Nchukwi,MW,4,493,275,2519,5,4,0,1,1,3,1,11.742755061532353,6.550218340611353,0.11909487892020643,0.09527590313616514,0.0,,2,,
Raulian Paiva,BW,3,336,125,2082,12,3,0,1,1,2,1,9.682997118155619,3.602305475504323,0.345821325648415,0.08645533141210375,0.0,,1,,
JP Buys,FLW,3,147,32,1444,10,1,0,0,0,3,1,6.10803324099723,1.3296398891966759,0.4155124653739612,0.04155124653739612,0.0,,2,,
Brian Kelleher,FW,5,507,88,3042,11,9,1,3,2,2,1,10.0,1.7357001972386588,0.21696252465483234,0.17751479289940827,0.01972386587771203,,,1,1
Guram Kutateladze,LW,1,190,78,900,7,1,0,0,0,1,1,12.666666666666666,5.2,0.4666666666666667,0.06666666666666667,0.0,,,,
Tony Kelley,BW,2,268,102,784,0,0,0,1,0,1,,20.510204081632654,7.8061224489795915,0.0,0.0,0.0,1,1,,
Court McGee,WW,3,278,94,1894,16,8,1,2,2,1,,8.80675818373812,2.9778247096092927,0.5068637803590285,0.25343189017951423,0.03167898627243928,,1,,
Jeremiah Wells,WW,3,105,43,702,8,1,2,3,0,0,,8.974358974358974,3.675213675213675,0.6837606837606838,0.08547008547008547,0.17094017094017094,2,,,1
Ricardo Ramos,FW,3,347,125,1872,13,8,1,2,1,1,1,11.121794871794872,4.006410256410256,0.4166666666666667,0.2564102564102564,0.03205128205128205,1,,,
Danny Chavez,FW,3,247,83,1872,6,2,0,0,0,3,1,7.916666666666667,2.66025641025641,0.19230769230769232,0.0641025641025641,0.0,,1,,
Eddie Wineland,BW,2,73,20,343,1,1,0,0,0,2,,12.769679300291545,3.498542274052478,0.1749271137026239,0.1749271137026239,0.0,,2,,
Deron Winn,MW,1,114,32,565,0,0,0,0,0,1,,12.106194690265486,3.398230088495575,0.0,0.0,0.0,,1,,
Roman Dolidze,MW,2,106,22,973,9,5,2,2,1,0,,6.536485097636176,1.3566289825282631,0.5549845837615622,0.30832476875642345,0.12332990750256938,1,,,
Jiri Prochazka,LHW,2,382,197,2041,1,1,1,2,0,0,,11.229789318961293,5.791278784909358,0.02939735423811857,0.02939735423811857,0.02939735423811857,1,,,1
Ramazan Emeev,WW,2,184,60,1052,11,5,0,1,1,1,,10.494296577946768,3.4220532319391634,0.6273764258555133,0.28517110266159695,0.0,,1,,
Kyung Ho Kang,BW,1,155,100,900,2,0,0,1,1,0,,10.333333333333334,6.666666666666667,0.13333333333333333,0.0,0.0,,,,
Batgeral Danaa,BW,1,286,109,900,1,0,0,0,0,1,1,19.066666666666666,7.266666666666667,0.06666666666666667,0.0,0.0,,,,
Movsar Evloev,FW,3,714,192,2700,31,20,0,3,3,0,,15.866666666666667,4.266666666666667,0.6888888888888889,0.4444444444444444,0.0,,,,
Michael Trizano,FW,1,74,31,655,0,0,1,0,0,1,,6.778625954198473,2.8396946564885495,0.0,0.0,0.0916030534351145,,1,,
Lucas Almeida,FW,1,171,75,655,0,0,2,1,0,0,,15.664122137404581,6.870229007633588,0.0,0.0,0.183206106870229,1,,,
Zarrukh Adashev,FLW,3,282,113,1861,5,0,0,1,1,2,1,9.09188608275121,3.643202579258463,0.16120365394948952,0.0,0.0,,1,,
Askar Mozharov,LHW,1,20,2,280,0,0,0,0,0,1,,4.285714285714286,0.42857142857142855,0.0,0.0,0.0,,1,,
Alex Da Silva,LW,1,96,35,900,0,0,1,0,0,1,1,6.4,2.3333333333333335,0.0,0.0,0.06666666666666667,,,,
Niklas Stolze ,WW,2,36,18,460,0,0,0,0,0,2,,4.695652173913044,2.347826086956522,0.0,0.0,0.0,,1,1,
Jeff Molina,FLW,3,735,292,2126,1,0,3,3,2,0,,20.74317968015052,8.24082784571966,0.028222013170272814,0.0,0.08466603951081844,1,,,
Andreas Michailidis,MW,3,223,94,2118,10,3,0,1,1,2,1,6.317280453257791,2.6628895184135977,0.28328611898017,0.08498583569405099,0.0,,1,,
Michel Pereira,WW,3,605,309,2700,10,4,0,3,3,0,,13.444444444444445,6.866666666666666,0.2222222222222222,0.08888888888888889,0.0,,,,
Jun Yong Park,MW,1,187,105,900,1,0,0,1,1,0,,12.466666666666667,7.0,0.06666666666666667,0.0,0.0,,,,
Uros Medic,LW,3,171,98,826,0,0,3,2,0,1,,12.42130750605327,7.11864406779661,0.0,0.0,0.2179176755447942,2,,1,
Felipe Colares,FW,3,389,140,2580,21,5,0,1,1,2,1,9.046511627906977,3.255813953488372,0.4883720930232558,0.11627906976744186,0.0,,1,,
Aleksandar Rakic,LHW,2,228,63,1571,6,1,0,1,1,1,,8.70782940802037,2.4061107574793126,0.22915340547422025,0.03819223424570337,0.0,,1,,
Louis Smolka,BW,2,177,94,771,3,0,0,0,0,2,,13.77431906614786,7.315175097276264,0.23346303501945526,0.0,0.0,,2,,
Frank Camacho,LW,1,40,16,207,5,0,0,0,0,1,,11.594202898550725,4.63768115942029,1.4492753623188406,0.0,0.0,,1,,
Manuel Torres,LW,1,64,34,207,1,0,1,1,0,0,,18.55072463768116,9.855072463768115,0.2898550724637681,0.0,0.2898550724637681,1,,,
Alan Patrick,LW,2,95,32,936,9,0,0,0,0,2,,6.089743589743589,2.051282051282051,0.5769230769230769,0.0,0.0,,1,,
Mauricio Hua,LHW,1,99,54,900,0,0,0,0,0,1,1,6.6,3.6,0.0,0.0,0.0,,,,
Ovince Saint preux,HW,2,138,71,1351,6,1,0,1,1,1,,6.1287934863064395,3.153219837157661,0.2664692820133235,0.04441154700222058,0.0,,1,,
Khaos Williams,WW,3,677,215,1862,1,0,2,2,1,1,1,21.815252416756177,6.9280343716433945,0.0322234156820623,0.0,0.0644468313641246,1,,,
Fernie garcia,BW,1,104,37,900,0,0,0,0,0,1,1,6.933333333333334,2.466666666666667,0.0,0.0,0.0,,,,
Tristan Connelly,FW,2,283,85,1800,1,1,0,0,0,2,2,9.433333333333334,2.8333333333333335,0.03333333333333333,0.03333333333333333,0.0,,,,
Mike Breeden,LW,2,236,110,980,4,3,0,0,0,2,1,14.448979591836734,6.73469387755102,0.24489795918367346,0.1836734693877551,0.0,,1,,
Sergey Khandozhko,WW,1,125,49,555,1,1,2,1,0,0,,13.513513513513514,5.297297297297297,0.10810810810810811,0.10810810810810811,0.21621621621621623,1,,,
Ike Villanueva,LHW,4,178,69,1068,2,1,1,1,0,3,,10.0,3.8764044943820224,0.11235955056179775,0.056179775280898875,0.056179775280898875,1,3,,
Cameron Else,BW,1,13,6,168,0,0,0,0,0,1,,4.642857142857143,2.142857142857143,0.0,0.0,0.0,,1,,
Phillipe Lins,LHW,1,142,64,900,11,4,0,1,1,0,,9.466666666666667,4.266666666666667,0.7333333333333333,0.26666666666666666,0.0,,,,
Dean Barry,WW,1,93,36,232,1,1,1,0,0,1,,24.051724137931036,9.310344827586206,0.25862068965517243,0.25862068965517243,0.25862068965517243,,,,
Miguel Baeza,WW,3,364,159,1241,2,0,0,0,0,3,1,17.598710717163577,7.687348912167606,0.09669621273166801,0.0,0.0,,2,,
TJ Laramie,FW,1,39,15,900,4,1,0,0,0,1,1,2.6,1.0,0.26666666666666666,0.06666666666666667,0.0,,,,
Brandon Jenkins,LW,2,186,59,1208,0,0,0,0,0,2,,9.23841059602649,2.9304635761589406,0.0,0.0,0.0,,2,,
Kevin Croom,FW,3,285,78,1847,17,1,0,0,0,3,2,9.258256632376828,2.5338386572820792,0.5522468868435301,0.03248511099079589,0.0,,1,,
Chan Sung Jung,FW,2,376,140,2445,5,3,0,1,1,1,,9.226993865030675,3.4355828220858897,0.12269938650306748,0.0736196319018405,0.0,,1,,
Giblert Burns,WW,1,223,119,900,5,0,0,0,0,1,1,14.866666666666667,7.933333333333334,0.3333333333333333,0.0,0.0,,,,
Vinc Pichel,LW,2,331,139,1800,6,1,0,1,1,1,1,11.033333333333333,4.633333333333334,0.2,0.03333333333333333,0.0,,,,
Mickey Gall,WW,3,200,89,1298,4,2,0,1,0,2,1,9.244992295839754,4.11402157164869,0.18489984591679506,0.09244992295839753,0.0,,1,,1
Aleksei Oleinik,HW,3,195,72,1234,3,1,0,1,0,2,1,9.481361426256077,3.500810372771475,0.1458670988654781,0.04862236628849271,0.0,,1,,1
Matt Brown,WW,2,197,108,1382,7,5,1,1,0,1,1,8.552821997105644,4.688856729377713,0.30390738060781475,0.2170767004341534,0.04341534008683068,1,,,
Askar Askarov,FLW,2,183,85,1800,20,7,0,1,1,1,1,6.1,2.8333333333333335,0.6666666666666666,0.23333333333333334,0.0,,,,
Batgerel Danaa,BW,2,135,37,504,1,1,1,1,0,1,,16.071428571428573,4.404761904761905,0.11904761904761904,0.11904761904761904,0.11904761904761904,1,1,,
Aliaskhab Khizriev,MW,1,79,42,418,3,2,0,1,0,0,,11.339712918660288,6.028708133971292,0.430622009569378,0.28708133971291866,0.0,,,,1
Bruno Souza,FW,2,284,112,1800,6,1,0,0,0,2,2,9.466666666666667,3.7333333333333334,0.2,0.03333333333333333,0.0,,,,
Kazula Vargas,LW,2,213,103,1129,1,0,0,1,1,1,,11.319751992914084,5.473870682019486,0.053144375553587246,0.0,0.0,,,1,
Mike Grundy,FW,2,68,32,957,21,4,0,0,0,2,1,4.263322884012539,2.006269592476489,1.316614420062696,0.2507836990595611,0.0,,,1,
Timur Valiev,FW,3,494,204,2700,15,6,0,2,2,1,1,10.977777777777778,4.533333333333333,0.3333333333333333,0.13333333333333333,0.0,,,,
Marlon Moraes,BW,2,74,38,691,0,0,1,0,0,2,,6.42547033285094,3.2995658465991315,0.0,0.0,0.08683068017366136,,2,,
Alex Caceres,FW,1,143,66,900,3,1,0,0,0,1,1,9.533333333333333,4.4,0.2,0.06666666666666667,0.0,,,,
Kamuela Kirk,FW,2,236,50,1482,0,0,0,1,1,1,,9.554655870445345,2.0242914979757085,0.0,0.0,0.0,,,1,
Kris Moutinho,BW,2,248,81,1000,0,0,0,0,0,2,,14.88,4.86,0.0,0.0,0.0,,2,,
Colby Covington,WW,2,636,201,3000,26,6,0,1,1,1,1,12.72,4.02,0.52,0.12,0.0,,,,
Alex Oliveira,WW,3,189,93,1408,5,3,0,0,0,3,1,8.053977272727273,3.9630681818181817,0.21306818181818182,0.1278409090909091,0.0,,1,1,
Greg Hardy,HW,2,27,13,203,0,0,0,0,0,2,,7.980295566502463,3.8423645320197046,0.0,0.0,0.0,,2,,
Tim Elliot,FLW,3,602,174,2700,26,8,1,2,2,1,1,13.377777777777778,3.8666666666666667,0.5777777777777777,0.17777777777777778,0.022222222222222223,,,,
Devonte Smith,LW,3,270,116,1889,4,1,0,1,0,2,1,8.575966119640022,3.684489147697194,0.12705134992059292,0.03176283748014823,0.0,1,1,,
Joel Alvarez,LW,2,106,51,598,0,0,0,1,0,1,,10.635451505016722,5.117056856187291,0.0,0.0,0.0,1,1,,
Rong Zhu,LW,3,442,176,2475,16,10,1,1,0,2,1,10.715151515151515,4.266666666666667,0.3878787878787879,0.24242424242424243,0.024242424242424242,1,,1,
Alejandro Perez,BW,2,212,75,1453,2,1,1,1,0,1,1,8.754301445285616,3.097040605643496,0.08258774948382656,0.04129387474191328,0.04129387474191328,,,,1
Ramiz Brahimaj,WW,3,74,33,1175,6,4,0,2,0,1,1,3.7787234042553193,1.6851063829787234,0.30638297872340425,0.20425531914893616,0.0,,,,2
Michael Gillmore,MW,2,64,31,914,0,0,0,0,0,2,,4.2013129102844635,2.035010940919037,0.0,0.0,0.0,,1,1,
Kyle Daukus,MW,1,29,6,299,6,3,0,1,0,0,,5.8193979933110365,1.2040133779264215,1.2040133779264215,0.6020066889632107,0.0,,,,1
Garbiel Benitez,FW,1,96,46,264,0,0,0,0,0,1,,21.818181818181817,10.454545454545455,0.0,0.0,0.0,,1,,
Chas Skelly,FW,1,63,14,421,3,1,1,1,0,0,,8.978622327790974,1.995249406175772,0.42755344418052255,0.14251781472684086,0.14251781472684086,1,,,
Mark Striegl,FW,1,44,8,421,2,0,0,0,0,1,,6.270783847980997,1.1401425178147269,0.2850356294536817,0.0,0.0,,1,,
Kyler Phillips,BW,3,483,213,2508,22,10,1,2,1,1,1,11.555023923444976,5.095693779904306,0.5263157894736842,0.23923444976076555,0.023923444976076555,,,,1
Fabio Cherant,LHW,3,65,28,1209,0,0,0,0,0,3,1,3.225806451612903,1.3895781637717122,0.0,0.0,0.0,,1,1,
Dougle Silva de Andrade,BW,2,103,47,628,1,0,4,2,0,0,,9.840764331210192,4.490445859872612,0.09554140127388536,0.0,0.3821656050955414,1,,,1
Max Grishin,LHW,2,284,135,1800,2,0,2,1,1,1,1,9.466666666666667,4.5,0.06666666666666667,0.0,0.06666666666666667,,,,
Michae Trizano,FW,1,158,70,900,1,1,0,0,0,1,1,10.533333333333333,4.666666666666667,0.06666666666666667,0.06666666666666667,0.0,,,,
Danilo Marques,LHW,3,120,39,1389,19,6,0,1,0,2,,5.183585313174946,1.6846652267818574,0.8207343412526998,0.2591792656587473,0.0,,2,,1
Denys Bondar,FLW,1,5,4,82,1,1,0,0,0,1,,3.658536585365854,2.926829268292683,0.7317073170731707,0.7317073170731707,0.0,,1,,
Francis Ngannou,HW,2,197,79,1852,7,5,2,2,1,0,,6.382289416846652,2.5593952483801297,0.2267818574514039,0.16198704103671707,0.06479481641468683,1,,,
Saimon Oliveira,BW,1,87,35,900,0,0,0,0,0,1,1,5.8,2.3333333333333335,0.0,0.0,0.0,,,,
Giga Chikadze,FW,3,494,200,2267,0,0,3,2,0,1,1,13.074547860608734,5.29333921482135,0.0,0.0,0.07940008822232025,2,,,
Rogerio Bontorin,FLW,3,257,106,2095,11,10,0,0,0,3,1,7.360381861575179,3.035799522673031,0.315035799522673,0.2863961813842482,0.0,,1,,
Dakota Bush,LW,2,152,52,1127,9,3,0,0,0,2,1,8.092280390417036,2.7684117125110914,0.47914818101153506,0.15971606033717836,0.0,,1,,
Diego Ferreira,LW,3,319,121,1997,3,0,0,0,0,3,1,9.58437656484727,3.6354531797696543,0.09013520280420631,0.0,0.0,,2,,
Dustin Stolzfus,MW,1,72,12,778,4,4,0,0,0,1,,5.552699228791774,0.9254498714652957,0.30848329048843187,0.30848329048843187,0.0,,,1,
Andre Ewell,BW,3,398,146,2325,2,2,0,0,0,3,2,10.270967741935484,3.767741935483871,0.05161290322580645,0.05161290322580645,0.0,,1,,
Matt Sayles,LW,1,34,13,425,1,1,0,0,0,1,,4.8,1.8352941176470587,0.1411764705882353,0.1411764705882353,0.0,,,1,
Dustin Poirer,LW,1,105,58,662,0,0,1,0,0,1,,9.516616314199396,5.256797583081571,0.0,0.0,0.09063444108761329,,,1,
Ryan Hall,FW,2,201,50,1187,5,0,0,1,1,1,,10.160067396798652,2.527379949452401,0.2527379949452401,0.0,0.0,,1,,
Randy Costa,BW,1,66,31,555,1,0,0,0,0,1,,7.135135135135135,3.3513513513513513,0.10810810810810811,0.0,0.0,,1,,
Jose Aldo,BW,1,172,86,1500,1,0,2,1,1,0,,6.88,3.44,0.04,0.0,0.08,,,,
Maki Pitolo,MW,2,139,45,1131,11,5,0,0,0,2,1,7.374005305039788,2.387267904509284,0.583554376657825,0.26525198938992045,0.0,,,1,
Chris Gruetzemacher,LW,2,391,138,1705,2,1,0,1,1,1,,13.759530791788857,4.8563049853372435,0.07038123167155426,0.03519061583577713,0.0,,,1,
Michael Chiesa,WW,3,248,57,2605,8,6,0,0,0,3,2,5.712092130518234,1.3128598848368522,0.18426103646833014,0.1381957773512476,0.0,,,1,
Rani Yahya,BW,2,283,35,1389,12,5,0,2,1,0,,12.224622030237581,1.511879049676026,0.5183585313174947,0.2159827213822894,0.0,,,,1
KyungHo Kang ,BW,1,154,43,900,0,0,1,0,0,1,1,10.266666666666667,2.8666666666666667,0.0,0.0,0.06666666666666667,,,,
Rafa garcia,LW,1,117,35,900,12,7,0,1,1,0,,7.8,2.3333333333333335,0.8,0.4666666666666667,0.0,,,,
Sean Soriano,LW,2,133,68,1259,2,2,0,0,0,2,1,6.338363780778396,3.2406671961874505,0.09531374106433678,0.09531374106433678,0.0,,,1,
Ben Rothwell,HW,2,128,62,459,2,1,0,1,0,1,,16.73202614379085,8.104575163398692,0.26143790849673204,0.13071895424836602,0.0,,1,,1
Song Yadong,BW,3,532,213,2195,3,0,1,2,1,1,1,14.542141230068337,5.8223234624145785,0.08200455580865604,0.0,0.02733485193621868,1,,,
Collin Anglin,FW,2,97,33,680,2,1,0,0,0,2,,8.558823529411764,2.911764705882353,0.17647058823529413,0.08823529411764706,0.0,,2,,
Al Iaquinta,LW,1,30,10,145,0,0,0,0,0,1,,12.413793103448276,4.137931034482759,0.0,0.0,0.0,,1,,
Jordan Williams,WW,1,54,22,299,1,0,0,0,0,1,,10.836120401337793,4.414715719063545,0.20066889632107024,0.0,0.0,,1,,
Gian Villante,HW,1,51,30,443,0,0,0,0,0,1,,6.90744920993228,4.063205417607223,0.0,0.0,0.0,,1,,
John Allan,LHW,1,190,77,900,0,0,0,0,0,1,1,12.666666666666666,5.133333333333334,0.0,0.0,0.0,,,,
CJ Vergara,FLW,1,197,93,900,0,0,0,0,0,1,1,13.133333333333333,6.2,0.0,0.0,0.0,,,,
Elizeu Zaleski Dos Santos,WW,1,279,149,900,4,0,0,1,1,0,,18.6,9.933333333333334,0.26666666666666666,0.0,0.0,,,,
Shamil Gamzatov,LHW,1,67,35,211,2,0,0,0,0,1,,19.0521327014218,9.95260663507109,0.5687203791469194,0.0,0.0,,1,,
Hu Yaozong,MW,1,67,25,886,0,0,0,0,0,1,,4.537246049661399,1.693002257336343,0.0,0.0,0.0,,,1,
Ricky Glenn,LW,2,126,38,937,0,0,2,1,0,1,,8.06830309498399,2.433297758804696,0.0,0.0,0.128068303094984,1,,,
Laureano Strapoli ,MW,2,143,34,1800,14,4,0,0,0,2,2,4.766666666666667,1.1333333333333333,0.4666666666666667,0.13333333333333333,0.0,,,,
Khama Worthy,LW,2,31,16,213,0,0,0,0,0,2,,8.732394366197184,4.507042253521127,0.0,0.0,0.0,,2,,
Zviad Lazishvili,BW,1,163,63,900,6,0,0,0,0,1,1,10.866666666666667,4.2,0.4,0.0,0.0,,,,
Gaetano Pirrello ,BW,2,24,11,664,0,0,0,0,0,2,,2.1686746987951806,0.9939759036144579,0.0,0.0,0.0,,1,1,
Johnny Eduardo,BW,1,66,31,553,1,1,0,0,0,1,,7.160940325497288,3.363471971066908,0.10849909584086799,0.10849909584086799,0.0,,,1,
Martin Sano,WW,1,3,1,15,0,0,0,0,0,1,,12.0,4.0,0.0,0.0,0.0,,1,,
Antonio Arroyo,MW,1,57,21,446,0,0,0,0,0,1,,7.668161434977579,2.8251121076233185,0.0,0.0,0.0,,1,,
Mike Rodriguez,LHW,2,199,65,1492,0,0,0,0,0,2,1,8.002680965147453,2.613941018766756,0.0,0.0,0.0,,,1,
Impa Kasanganay,WW,2,62,19,484,6,2,0,1,0,1,,7.68595041322314,2.355371900826446,0.743801652892562,0.24793388429752067,0.0,,1,,1
Gustavo Lopez,BW,2,170,67,1527,9,3,0,0,0,2,,6.679764243614931,2.6326129666011786,0.35363457760314343,0.11787819253438114,0.0,,1,,
David Zawada,WW,1,210,86,900,2,1,0,0,0,1,1,14.0,5.733333333333333,0.13333333333333333,0.06666666666666667,0.0,,,,
Luigi Vendramini,LW,2,172,59,1165,7,2,0,0,0,2,1,8.858369098712446,3.03862660944206,0.3605150214592275,0.10300429184549356,0.0,,1,,
Liudvik Sholinan,BW,1,108,19,900,4,0,0,0,0,1,1,7.2,1.2666666666666666,0.26666666666666666,0.0,0.0,,,,
Gilbert Urbina,MW,1,95,45,435,6,2,0,0,0,1,,13.10344827586207,6.206896551724138,0.8275862068965517,0.27586206896551724,0.0,,,1,
Kevin Lee,WW,1,181,56,900,7,3,0,0,0,1,1,12.066666666666666,3.7333333333333334,0.4666666666666667,0.2,0.0,,,,
Darren Stewart,MW,3,181,66,1361,6,4,0,0,0,3,1,7.979426891991183,2.9096252755326963,0.26451138868479057,0.1763409257898604,0.0,,1,,
Austin Hubbard,LW,2,352,123,1800,8,5,0,1,1,1,1,11.733333333333333,4.1,0.26666666666666666,0.16666666666666666,0.0,,,,
Austin Lingo,FLW,1,185,73,900,0,0,1,1,1,0,,12.333333333333334,4.866666666666666,0.0,0.0,0.06666666666666667,,,,
Domingo Pilarte,BW,1,159,3,900,0,0,0,0,0,1,1,10.6,0.2,0.0,0.0,0.0,,,,
Roosevelt Roberts,LW,1,185,55,895,12,0,0,0,0,1,,12.402234636871508,3.6871508379888267,0.8044692737430168,0.0,0.0,,1,,
Sasha Palatnikkov,WW,1,3,1,153,0,0,0,0,0,1,,1.1764705882352942,0.39215686274509803,0.0,0.0,0.0,,,1,
Casey Kenney,BW,2,392,152,1800,7,1,0,0,0,2,2,13.066666666666666,5.066666666666666,0.23333333333333334,0.03333333333333333,0.0,,,,
Drako Rodriguez,BW,2,191,66,1085,5,3,0,0,0,2,1,10.56221198156682,3.6497695852534564,0.2764976958525346,0.16589861751152074,0.0,,1,,
Anderson Dos Santos,BW,1,165,32,676,5,0,0,0,0,1,,14.644970414201184,2.8402366863905324,0.4437869822485207,0.0,0.0,,1,,
Jamey Simmons,BW,1,40,7,455,0,0,0,0,0,1,,5.274725274725275,0.9230769230769231,0.0,0.0,0.0,,,1,
Kai Kamaka,FW,2,269,109,1800,4,1,1,0,0,2,1,8.966666666666667,3.6333333333333333,0.13333333333333333,0.03333333333333333,0.03333333333333333,,,,
Ryan Benoit,FLW,1,151,37,900,1,0,1,0,0,1,1,10.066666666666666,2.466666666666667,0.06666666666666667,0.0,0.06666666666666667,,,,
Ian Heinisch,MW,2,160,51,1389,9,1,0,0,0,2,1,6.911447084233261,2.203023758099352,0.38876889848812096,0.04319654427645788,0.0,,1,,
Jordan ,WW,1,35,13,177,1,1,0,0,0,1,,11.864406779661017,4.406779661016949,0.3389830508474576,0.3389830508474576,0.0,,,1,
Jeremy Stephens,LW,1,2,0,65,0,0,0,0,0,1,,1.8461538461538463,0.0,0.0,0.0,0.0,,,1,
Rodolfo Viera,MW,2,125,58,1127,14,7,0,1,0,1,,6.654835847382431,3.087843833185448,0.7453416149068323,0.37267080745341613,0.0,,,1,1
Rodrigo Nascimento,HW,1,85,49,389,3,0,0,0,0,1,,13.110539845758355,7.557840616966581,0.46272493573264784,0.0,0.0,,,,
Connor McGregor,LW,2,146,56,752,1,0,0,0,0,2,,11.648936170212766,4.468085106382978,0.0797872340425532,0.0,0.0,,2,,
Carlos Condit,WW,2,388,102,1800,8,2,0,1,1,1,1,12.933333333333334,3.4,0.26666666666666666,0.06666666666666667,0.0,,,,
Omari Akhmedov,MW,2,259,73,1301,14,4,0,1,0,1,1,11.944657955418908,3.366641045349731,0.6456571867794004,0.18447348193697155,0.0,,,,1
Jerome Rivera,FLW,3,242,34,1048,6,0,0,0,0,3,1,13.854961832061068,1.9465648854961832,0.3435114503816794,0.0,0.0,,1,1,
Michel Prazeres,WW,1,40,6,430,3,0,0,0,0,1,,5.5813953488372094,0.8372093023255814,0.4186046511627907,0.0,0.0,,,1,
Justin Jaynes,LW,2,136,55,1418,4,2,0,0,0,2,1,5.754583921015515,2.32722143864598,0.1692524682651622,0.0846262341325811,0.0,,1,,
Yancy Medeiros,LW,1,227,103,900,2,2,0,0,0,1,1,15.133333333333333,6.866666666666666,0.13333333333333333,0.13333333333333333,0.0,,,,
Dhiego Lima,WW,2,260,92,1382,5,0,0,0,0,2,1,11.287988422575976,3.9942112879884224,0.2170767004341534,0.0,0.0,,1,,
Aleksa Camur,LHW,1,166,102,900,2,0,0,0,0,1,1,11.066666666666666,6.8,0.13333333333333333,0.0,0.0,,,,
Roque Martinez,HW,1,309,64,900,0,0,0,0,0,1,1,20.6,4.266666666666667,0.0,0.0,0.0,,,,
Nate Diaz,WW,1,223,76,1500,0,0,0,0,0,1,1,8.92,3.04,0.0,0.0,0.0,,,,
Demian Maia,WW,1,55,21,900,21,1,0,0,0,1,1,3.6666666666666665,1.4,1.4,0.06666666666666667,0.0,,,,
Carlos Felipe,HW,2,334,171,1800,1,0,0,2,2,0,,11.133333333333333,5.7,0.03333333333333333,0.0,0.0,,,,
Walt Harris,HW,1,41,23,246,0,0,0,0,0,1,,10.0,5.609756097560975,0.0,0.0,0.0,,1,,
Victor Rodriguez,FLW,1,3,0,60,0,0,0,0,0,1,,3.0,0.0,0.0,0.0,0.0,,1,,
Beneil Dariush,LW,2,274,85,1800,21,8,0,2,2,0,,9.133333333333333,2.8333333333333335,0.7,0.26666666666666666,0.0,,,,
Jacare Souza,MW,1,23,11,239,2,1,0,0,0,1,,5.7740585774058575,2.7615062761506275,0.502092050209205,0.2510460251046025,0.0,,,1,
Kevin Aguilar,FW,1,196,81,900,2,0,0,0,0,1,1,13.066666666666666,5.4,0.13333333333333333,0.0,0.0,,,,
Maurice Green,HW,1,72,5,900,0,0,0,0,0,1,1,4.8,0.3333333333333333,0.0,0.0,0.0,,,,
Gregor Gillespie,LW,1,70,45,591,8,4,0,1,0,0,,7.106598984771574,4.568527918781726,0.8121827411167513,0.40609137055837563,0.0,1,,,
Christian Aguilera,WW,1,15,1,172,1,0,0,0,0,1,,5.232558139534884,0.3488372093023256,0.3488372093023256,0.0,0.0,,,1,
KB Bhullar,MW,1,132,70,900,0,0,0,0,0,1,1,8.8,4.666666666666667,0.0,0.0,0.0,,,,
Luke Sanders,FW,1,225,118,900,5,2,1,0,0,1,1,15.0,7.866666666666666,0.3333333333333333,0.13333333333333333,0.06666666666666667,,,,
Chris Weidman,MW,1,2,1,17,0,0,0,0,0,1,,7.0588235294117645,3.5294117647058822,0.0,0.0,0.0,,1,,
Stefan Sekulic,WW,1,59,33,900,7,3,0,0,0,1,1,3.933333333333333,2.2,0.4666666666666667,0.2,0.0,,,,
Luis Pena,LW,1,195,90,900,0,0,0,1,1,0,,13.0,6.0,0.0,0.0,0.0,,,,
Alexander Munoz,LW,1,172,80,900,9,4,0,0,0,1,1,11.466666666666667,5.333333333333333,0.6,0.26666666666666666,0.0,,,,
Juan Espino,HW,1,56,12,665,5,4,0,0,0,1,1,5.052631578947368,1.0827067669172932,0.45112781954887216,0.3609022556390977,0.0,,,,
Bartosz Fabinski,MW,1,23,6,120,1,1,0,0,0,1,,11.5,3.0,0.5,0.5,0.0,,,1,
Anthony Birchak,BW,1,59,18,391,1,0,0,0,0,1,,9.053708439897699,2.762148337595908,0.1534526854219949,0.0,0.0,,1,,
Mike Perry,WW,1,137,61,900,4,2,0,0,0,1,1,9.133333333333333,4.066666666666666,0.26666666666666666,0.13333333333333333,0.0,,,,
Yorgan De Castro,HW,1,15,2,182,0,0,0,0,0,1,,4.945054945054945,0.6593406593406593,0.0,0.0,0.0,,1,,
Jarjis Danho,HW,1,12,10,182,1,0,1,1,0,0,,3.956043956043956,3.2967032967032965,0.32967032967032966,0.0,0.32967032967032966,1,,,
Hunter Azure,BW,1,121,45,900,6,0,0,0,0,1,1,8.066666666666666,3.0,0.4,0.0,0.0,,,,
Jordan Griffin,FW,1,77,33,900,7,4,0,0,0,1,1,5.133333333333334,2.2,0.4666666666666667,0.26666666666666666,0.0,,,,
Sasha Palatnikov,WW,1,43,13,326,0,0,0,0,0,1,,7.914110429447852,2.392638036809816,0.0,0.0,0.0,,,1,
Stipe Miocic,HW,1,13,12,352,1,0,0,0,0,1,,2.215909090909091,2.0454545454545454,0.17045454545454544,0.0,0.0,,1,,
Tyrone Woodley,WW,1,43,18,236,1,0,0,0,0,1,,10.932203389830509,4.576271186440678,0.2542372881355932,0.0,0.0,,,1,
Thomas Almeida,BW,1,71,25,832,2,1,0,0,0,1,,5.1201923076923075,1.8028846153846154,0.14423076923076922,0.07211538461538461,0.0,,1,,
Abu Azaitar,MW,1,261,108,896,3,0,0,0,0,1,,17.477678571428573,7.232142857142857,0.20089285714285715,0.0,0.0,,1,,
Jesse Strader,BW,1,25,14,118,0,0,0,0,0,1,,12.711864406779661,7.11864406779661,0.0,0.0,0.0,,1,,
Gavin Tucker,FW,1,1,1,22,0,0,0,0,0,1,,2.727272727272727,2.727272727272727,0.0,0.0,0.0,,1,,
Ray Rodriguez,BW,1,35,3,489,0,0,0,0,0,1,,4.294478527607362,0.36809815950920244,0.0,0.0,0.0,,,1,
Joseph Benavidez,FLW,1,130,46,900,0,0,0,0,0,1,1,8.666666666666666,3.066666666666667,0.0,0.0,0.0,,,,
Jordan Espinosa,FLW,1,35,13,900,0,0,0,0,0,1,1,2.3333333333333335,0.8666666666666667,0.0,0.0,0.0,,,,
Aalon Cruz,LW,1,3,0,100,2,0,0,0,0,1,,1.8,0.0,1.2,0.0,0.0,,1,,
Jimmie Rivera,BW,1,193,65,900,5,1,0,0,0,1,1,12.866666666666667,4.333333333333333,0.3333333333333333,0.06666666666666667,0.0,,,,
Vince Cachero,BW,1,55,15,758,2,0,0,0,0,1,,4.353562005277045,1.187335092348285,0.158311345646438,0.0,0.0,,1,,
Charles Rose,FLW,1,51,15,900,1,0,0,0,0,1,1,3.4,1.0,0.06666666666666667,0.0,0.0,,,,
Alistair Overeem,HW,1,20,10,426,1,0,0,0,0,1,,2.816901408450704,1.408450704225352,0.14084507042253522,0.0,0.0,,1,,
Martin Day,FW,1,46,8,900,0,0,0,0,0,1,1,3.066666666666667,0.5333333333333333,0.0,0.0,0.0,,,,
Andrew Sanchez,MW,1,144,48,779,2,0,0,0,0,1,,11.091142490372272,3.6970474967907574,0.1540436456996149,0.0,0.0,,1,,
Antonio Carlos,MW,1,135,34,900,12,1,0,0,0,1,1,9.0,2.2666666666666666,0.8,0.06666666666666667,0.0,,,,
Nik Lentz,FW,1,137,46,900,5,1,0,0,0,1,1,9.133333333333333,3.066666666666667,0.3333333333333333,0.06666666666666667,0.0,,,,
Vinicius Moreira,LHW,1,42,24,339,0,0,0,0,0,1,,7.433628318584071,4.247787610619469,0.0,0.0,0.0,,1,,
Tom Breese,MW,1,12,1,401,1,0,0,0,0,1,,1.7955112219451372,0.14962593516209477,0.14962593516209477,0.0,0.0,,,1,
Markus Perez,MW,1,75,25,900,1,0,0,0,0,1,1,5.0,1.6666666666666667,0.06666666666666667,0.0,0.0,,,,
Matt Brown ,WW,1,52,28,900,6,1,0,0,0,1,1,3.466666666666667,1.8666666666666667,0.4,0.06666666666666667,0.0,,,,
david Zawada,WW,1,190,44,900,1,1,0,0,0,1,1,12.666666666666666,2.933333333333333,0.06666666666666667,0.06666666666666667,0.0,,,,
Jacob Kilburn,FW,1,216,64,900,18,1,0,0,0,1,1,14.4,4.266666666666667,1.2,0.06666666666666667,0.0,,,,
